,cliente_id,edad,antiguedad_meses,uso_mensual_horas,interacciones_soporte,tipo_suscripcion,satisfaccion,retencion
1,C1,NA,24,28.81,3,Básica,5,1
2,C2,54,55,39.04,1,Básica,4,1
3,C3,18,44,58.78,4,Básica,4,1
4,C4,42,51,20.23,6,Premium,3,1
5,C5,27,105,55.66,1,Estándar,5,1
6,C6,53,108,86.58,5,Básica,1,1
7,C7,35,27,54.04,6,Básica,1,1
8,C8,66,10,52.62,6,Básica,3,1
9,C9,64,27,27.88,1,Básica,4,1
10,C10,41,32,54.29,4,Premium,2,1
11,C11,24,29,65.24,10,Básica,1,1
12,C12,53,82,75.78,7,Básica,3,1
13,C13,42,87,57.5,10,Básica,2,0
14,C14,54,53,69.66,10,Básica,1,1
15,C15,63,91,91.27,8,Básica,4,1
16,C16,37,7,43.43,0,Estándar,1,1
17,C17,43,74,37.81,0,Básica,4,1
18,C18,67,70,21.55,7,Estándar,5,1
19,C19,64,86,84.21,9,Estándar,5,1
20,C20,20,67,89.33,2,Premium,4,1
21,C21,58,46,25.59,7,Básica,3,1
22,C22,42,73,13.92,3,Estándar,4,1
23,C23,44,49,64.73,0,Básica,4,1
24,C24,53,113,92.45,7,Básica,5,1
25,C25,54,12,23.17,4,Estándar,4,1
26,C26,48,100,36.48,10,Básica,4,1
27,C27,62,8,84.49,3,Estándar,2,1
28,C28,22,62,98.29,10,Estándar,4,0
29,C29,37,9,70.82,1,Básica,4,1
30,C30,51,7,47.7,8,Básica,4,1
31,C31,NA,64,44.41,8,Estándar,2,1
32,C32,57,32,36.16,5,Premium,2,1
33,C33,20,69,50,9,Estándar,2,1
34,C34,50,7,56.48,3,Básica,4,1
35,C35,59,13,67.08,3,Básica,2,1
36,C36,41,89,91.55,3,Básica,5,1
37,C37,47,82,73.26,2,Básica,5,0
38,C38,60,11,-10,10,Estándar,2,1
39,C39,32,25,90.32,5,Premium,1,1
40,C40,39,80,44.11,3,Básica,1,1
41,C41,25,99,40.75,10,Básica,1,1
42,C42,53,1,65.43,1,Estándar,5,0
43,C43,21,86,34.16,1,Básica,1,0
44,C44,39,61,60.29,5,Premium,4,1
45,C45,NA,110,99.82,10,Básica,4,1
46,C46,62,15,59.15,7,Básica,3,1
47,C47,45,89,26.35,9,Premium,5,1
48,C48,NA,105,43.59,3,Estándar,3,1
49,C49,21,36,66.12,7,Básica,3,1
50,C50,51,89,21.44,1,Estándar,1,1
51,C51,67,30,87.07,9,Básica,1,1
52,C52,52,95,99.81,6,Premium,3,0
53,C53,41,71,10.41,8,Básica,1,1
54,C54,40,3,16.6,4,Básica,1,0
55,C55,66,47,90.63,9,Básica,2,0
56,C56,70,117,85.36,2,Básica,1,1
57,C57,43,71,81.97,0,Básica,3,1
58,C58,67,84,22.06,9,Básica,3,1
59,C59,23,100,38.68,3,Básica,1,1
60,C60,23,108,12.05,2,Básica,5,1
61,C61,19,9,39.19,7,Estándar,4,0
62,C62,69,59,60.39,5,Básica,5,0
63,C63,20,62,59.75,3,Básica,3,1
64,C64,38,68,98.43,9,Premium,4,1
65,C65,19,80,98.89,9,Estándar,4,1
66,C66,55,95,76.18,0,Básica,1,0
67,C67,27,64,84.54,10,Estándar,2,1
68,C68,57,36,14.57,3,Estándar,1,0
69,C69,22,92,31.1,5,Básica,4,1
70,C70,50,39,32.96,10,Estándar,1,1
71,C71,66,58,35.86,9,Básica,2,1
72,C72,56,72,30.39,2,Premium,4,1
73,C73,53,108,36.37,8,Básica,5,1
74,C74,62,5,21.35,10,Básica,2,1
75,C75,59,21,73.92,1,Básica,3,1
76,C76,26,28,86.31,5,Básica,4,1
77,C77,46,78,98.76,9,Básica,5,1
78,C78,29,34,99.41,6,Premium,2,0
79,C79,37,106,50.26,9,Premium,1,1
80,C80,26,31,16.58,5,Premium,3,1
81,C81,60,109,67.73,3,Básica,3,1
82,C82,52,53,81.51,10,Premium,5,1
83,C83,46,39,64.39,9,Premium,5,1
84,C84,33,52,22.88,5,Básica,2,1
85,C85,54,77,98.41,1,Premium,1,1
86,C86,45,9,87.68,4,Estándar,1,1
87,C87,63,45,17.28,4,Básica,2,1
88,C88,22,120,62.86,3,Básica,1,0
89,C89,45,117,41.93,3,Básica,3,1
90,C90,19,15,44.96,9,Básica,1,1
91,C91,35,38,77.3,10,Estándar,1,1
92,C92,41,66,78.5,4,Estándar,2,0
93,C93,66,78,26.99,3,Estándar,4,0
94,C94,35,17,98.78,10,Premium,2,1
95,C95,22,27,25.89,7,Estándar,5,1
96,C96,63,20,92.89,0,Básica,1,1
97,C97,57,114,99.96,3,Premium,3,1
98,C98,57,79,47.99,7,Básica,2,0
99,C99,38,11,62.28,6,Premium,3,1
100,C100,53,85,79.75,9,Básica,3,1
101,C101,53,58,28.11,8,Básica,1,1
102,C102,56,95,22.33,8,Básica,1,1
103,C103,59,30,68.95,3,Básica,3,1
104,C104,35,107,69.98,7,Premium,3,1
105,C105,44,47,38.69,10,Estándar,3,1
106,C106,30,6,84.84,7,Básica,2,1
107,C107,70,108,19.23,4,Premium,3,1
108,C108,36,28,70.92,0,Básica,4,1
109,C109,49,118,73,5,Básica,1,1
110,C110,33,74,34.79,5,Premium,3,1
111,C111,46,35,96.76,5,Estándar,2,1
112,C112,34,46,53.38,3,Premium,2,1
113,C113,61,64,98.28,7,Básica,1,0
114,C114,26,49,35.24,8,Básica,3,0
115,C115,38,75,22.9,1,Básica,3,1
116,C116,60,105,70.4,0,Básica,1,1
117,C117,65,84,11.31,3,Básica,3,0
118,C118,25,117,44.04,7,Estándar,3,1
119,C119,46,45,94.8,8,Básica,3,1
120,C120,55,78,47.07,6,Premium,4,1
121,C121,18,95,74.41,7,Básica,1,1
122,C122,30,5,33.72,1,Básica,1,1
123,C123,31,61,23.7,9,Premium,5,1
124,C124,22,102,87.14,3,Básica,2,1
125,C125,NA,32,25.08,6,Básica,1,1
126,C126,33,53,66.89,1,Básica,5,1
127,C127,43,72,20.78,6,Básica,5,1
128,C128,60,90,25.31,8,Básica,2,1
129,C129,59,21,65.15,2,Básica,3,1
130,C130,59,73,63.92,8,Básica,3,1
131,C131,50,106,67.78,3,Premium,4,1
132,C132,46,8,36.26,2,Premium,1,1
133,C133,42,1,62.89,10,Premium,4,0
134,C134,68,2,58.7,0,Estándar,1,1
135,C135,49,58,46.54,2,Estándar,5,1
136,C136,34,61,97.21,10,Premium,4,1
137,C137,63,77,46.56,9,Premium,2,1
138,C138,31,41,23.4,3,Premium,1,1
139,C139,64,88,63.67,0,Básica,5,1
140,C140,23,23,62.84,8,Estándar,4,1
141,C141,64,8,66.88,10,Premium,2,1
142,C142,60,63,16.95,5,Estándar,1,0
143,C143,54,119,20.39,9,Premium,2,1
144,C144,33,94,75.8,10,Básica,4,1
145,C145,66,74,94.61,5,Estándar,3,1
146,C146,66,60,16.72,1,Estándar,1,1
147,C147,67,77,17.09,2,Premium,3,1
148,C148,48,65,14,4,Estándar,2,1
149,C149,51,109,19.18,8,Básica,2,1
150,C150,47,19,74.02,2,Básica,2,0
151,C151,49,10,17.12,0,Estándar,2,0
152,C152,23,104,30.38,7,Básica,5,1
153,C153,39,16,97.82,7,Básica,4,1
154,C154,55,63,12.19,2,Estándar,5,1
155,C155,48,81,73.12,0,Básica,4,1
156,C156,23,24,18.34,9,Premium,4,0
157,C157,37,92,54.43,7,Básica,4,1
158,C158,NA,58,87.3,0,Premium,5,1
159,C159,51,68,29.38,10,Básica,1,1
160,C160,59,74,61.28,0,Básica,1,1
161,C161,40,9,54.23,3,Estándar,1,1
162,C162,29,77,62.41,7,Estándar,3,1
163,C163,43,115,39.45,6,Estándar,3,1
164,C164,58,72,83.27,4,Básica,3,0
165,C165,18,8,95.45,2,Básica,5,1
166,C166,19,50,62.08,3,Estándar,3,1
167,C167,41,78,70.42,4,Básica,4,1
168,C168,51,80,10.07,4,Básica,3,1
169,C169,42,57,15.81,10,Básica,2,1
170,C170,45,16,55.71,0,Básica,3,1
171,C171,60,80,18.97,4,Básica,2,1
172,C172,31,109,17.35,3,Estándar,2,0
173,C173,51,115,79.97,2,Básica,5,1
174,C174,19,36,25.78,1,Premium,5,0
175,C175,48,30,24.87,5,Básica,2,1
176,C176,49,85,14.65,5,Básica,3,1
177,C177,44,31,61.5,3,Básica,4,1
178,C178,27,4,67.96,9,Premium,1,1
179,C179,45,10,36.29,2,Básica,1,1
180,C180,54,5,99,6,Premium,5,1
181,C181,27,12,47.7,4,Básica,5,1
182,C182,66,100,71.8,3,Estándar,5,1
183,C183,66,28,60.37,1,Básica,4,1
184,C184,22,59,97.6,7,Premium,2,1
185,C185,52,107,86.06,1,Básica,3,1
186,C186,31,28,46.74,4,Estándar,3,1
187,C187,NA,13,57.19,10,Básica,2,1
188,C188,45,53,36.59,2,Premium,1,1
189,C189,50,118,58.17,6,Estándar,2,0
190,C190,54,2,80.57,9,Premium,4,0
191,C191,NA,81,81.38,1,Estándar,2,1
192,C192,43,46,19.47,5,Estándar,5,1
193,C193,48,38,58.32,0,Básica,4,0
194,C194,62,75,18.35,0,Básica,5,0
195,C195,60,65,57.71,2,Básica,2,1
196,C196,69,55,10.13,10,Estándar,5,1
197,C197,49,95,52.46,7,Premium,1,1
198,C198,34,94,11.17,6,Premium,4,0
199,C199,44,63,44.27,3,Premium,3,1
200,C200,47,74,39.64,4,Estándar,4,1
201,C201,69,29,95.7,9,Básica,1,0
202,C202,53,24,59.46,4,Básica,2,1
203,C203,37,21,29.34,3,Premium,2,1
204,C204,28,120,42.69,9,Básica,3,1
205,C205,34,12,32.64,5,Premium,4,1
206,C206,26,61,12.56,5,Estándar,4,1
207,C207,34,45,11.96,7,Estándar,5,1
208,C208,30,23,21.18,2,Básica,1,0
209,C209,48,49,17.31,1,Premium,2,0
210,C210,66,55,29.35,4,Premium,1,1
211,C211,69,104,32.47,5,Estándar,3,1
212,C212,NA,53,83.42,10,Básica,2,1
213,C213,34,104,78.98,2,Básica,5,1
214,C214,50,49,66.16,9,Estándar,5,1
215,C215,45,94,44.99,1,Básica,2,1
216,C216,19,113,28.37,5,Básica,4,1
217,C217,48,20,51.07,9,Estándar,3,1
218,C218,25,2,14.79,1,Premium,2,1
219,C219,33,87,42.37,0,Básica,2,1
220,C220,20,53,49.05,9,Básica,5,0
221,C221,54,23,28.22,6,Estándar,2,1
222,C222,30,71,13.41,4,Estándar,4,0
223,C223,29,45,50.34,10,Básica,4,0
224,C224,18,25,32.72,1,Básica,3,1
225,C225,47,43,50.97,0,Básica,5,1
226,C226,68,86,44.11,10,Estándar,1,1
227,C227,48,48,87.51,2,Estándar,1,0
228,C228,54,3,90.03,2,Estándar,1,1
229,C229,64,39,75.1,7,Estándar,4,1
230,C230,23,57,83.34,10,Básica,5,1
231,C231,33,80,63.77,4,Premium,5,1
232,C232,27,75,62.27,0,Estándar,2,1
233,C233,24,15,35.25,5,Básica,4,1
234,C234,26,93,47.3,9,Básica,5,1
235,C235,58,52,15.94,0,Estándar,1,1
236,C236,42,1,38.15,6,Básica,1,1
237,C237,20,18,73.09,8,Premium,5,1
238,C238,35,96,75.38,5,Estándar,4,1
239,C239,70,108,18.47,8,Estándar,3,1
240,C240,64,69,17.35,8,Básica,4,1
241,C241,45,8,28.93,0,Estándar,1,1
242,C242,32,84,42.54,1,Básica,2,1
243,C243,46,10,51.49,10,Estándar,2,1
244,C244,37,18,90.18,0,Básica,5,1
245,C245,42,17,-10,2,Básica,1,1
246,C246,33,81,28.72,0,Básica,3,0
247,C247,41,29,91.86,1,Estándar,2,1
248,C248,50,1,15.71,1,Estándar,4,1
249,C249,55,14,38.12,8,Básica,2,1
250,C250,60,41,55.03,8,Básica,4,0
251,C251,58,83,94.66,8,Estándar,4,0
252,C252,39,90,65.45,5,Premium,3,1
253,C253,43,113,99.31,9,Básica,2,1
254,C254,37,2,96.04,3,Estándar,4,1
255,C255,62,12,47.41,9,Básica,3,1
256,C256,54,3,26.39,6,Estándar,1,1
257,C257,60,16,62.39,4,Básica,5,1
258,C258,32,89,36.93,4,Básica,1,1
259,C259,38,52,56.9,10,Básica,3,1
260,C260,51,108,90.33,7,Básica,4,1
261,C261,42,84,88.58,4,Básica,5,1
262,C262,55,51,45.49,10,Estándar,4,1
263,C263,18,41,14.06,9,Estándar,5,1
264,C264,31,2,65.76,6,Estándar,3,1
265,C265,65,95,38.4,9,Estándar,5,1
266,C266,66,70,71.28,0,Básica,1,1
267,C267,28,50,44.4,5,Básica,2,1
268,C268,45,63,91.07,3,Estándar,3,1
269,C269,35,70,90.38,10,Básica,4,1
270,C270,51,28,83.84,2,Estándar,5,0
271,C271,59,77,75.24,2,Premium,1,1
272,C272,53,48,53.53,0,Estándar,3,1
273,C273,37,51,25.32,10,Básica,2,1
274,C274,32,107,18.88,10,Estándar,5,1
275,C275,24,86,43.48,0,Estándar,4,1
276,C276,66,86,52.16,10,Estándar,1,1
277,C277,44,62,95.45,4,Básica,3,0
278,C278,47,40,79.33,3,Básica,3,0
279,C279,22,55,37.53,8,Básica,5,1
280,C280,39,20,90.92,7,Premium,2,1
281,C281,37,19,62.45,0,Básica,4,1
282,C282,67,67,77.23,1,Estándar,3,1
283,C283,58,119,96.89,5,Estándar,3,1
284,C284,28,76,15.75,5,Estándar,5,1
285,C285,45,59,67.51,1,Estándar,3,1
286,C286,55,53,59.52,7,Básica,2,1
287,C287,59,50,60.19,1,Básica,3,0
288,C288,26,53,21.61,1,Básica,1,0
289,C289,40,104,22.98,2,Básica,4,1
290,C290,43,66,38.49,8,Básica,5,1
291,C291,68,20,71.67,2,Básica,3,0
292,C292,58,87,22.24,4,Básica,4,0
293,C293,28,91,90.54,4,Premium,1,1
294,C294,36,15,96.05,7,Básica,3,1
295,C295,45,112,61.34,4,Básica,4,1
296,C296,38,76,48.43,10,Estándar,4,0
297,C297,53,77,46.49,8,Básica,5,1
298,C298,59,111,97.18,5,Básica,4,0
299,C299,39,74,33.14,10,Básica,5,1
300,C300,42,36,13.67,5,Premium,3,1
301,C301,66,101,48.91,8,Premium,4,1
302,C302,47,111,29.5,3,Básica,2,0
303,C303,38,74,86.76,10,Premium,3,1
304,C304,61,86,80.81,3,Premium,3,1
305,C305,38,119,59.77,4,Estándar,2,1
306,C306,23,79,36.75,4,Básica,2,1
307,C307,64,11,91.33,3,Estándar,2,1
308,C308,58,62,97.88,1,Básica,2,1
309,C309,27,77,83.99,7,Básica,4,0
310,C310,41,117,33.15,7,Básica,5,0
311,C311,67,118,40.29,9,Básica,2,1
312,C312,24,85,11.4,1,Premium,3,1
313,C313,31,73,33.99,2,Premium,1,0
314,C314,29,110,51.7,0,Básica,3,1
315,C315,70,40,64.12,7,Premium,4,1
316,C316,NA,90,41.1,8,Premium,5,1
317,C317,27,120,70.08,7,Premium,3,1
318,C318,42,24,50.05,1,Estándar,2,1
319,C319,54,113,21.58,2,Básica,1,1
320,C320,19,71,28.4,4,Estándar,3,0
321,C321,52,82,27.2,2,Premium,1,1
322,C322,51,84,32.18,10,Básica,2,1
323,C323,44,64,57.73,5,Premium,5,0
324,C324,63,103,29.26,9,Estándar,2,1
325,C325,48,35,12.33,8,Estándar,1,1
326,C326,44,12,40.78,5,Básica,3,1
327,C327,NA,102,45.47,6,Básica,1,1
328,C328,53,95,21.28,2,Básica,1,1
329,C329,70,27,84.2,7,Básica,5,1
330,C330,41,59,88.1,6,Básica,5,1
331,C331,55,46,26.56,2,Premium,2,1
332,C332,69,100,27.06,3,Premium,4,1
333,C333,38,54,36.29,4,Premium,3,1
334,C334,37,85,90.96,1,Básica,2,1
335,C335,28,111,91.13,2,Estándar,4,1
336,C336,50,45,16.56,2,Básica,2,1
337,C337,31,39,40.51,7,Básica,5,1
338,C338,45,20,82.02,3,Básica,2,1
339,C339,50,28,30.91,10,Estándar,4,1
340,C340,46,7,34.59,4,Estándar,2,1
341,C341,53,98,19.82,0,Básica,4,1
342,C342,62,89,59.71,9,Premium,4,0
343,C343,49,82,76.99,1,Básica,3,1
344,C344,55,90,79.99,4,Estándar,4,0
345,C345,39,30,42.63,8,Estándar,4,1
346,C346,61,43,26.16,7,Premium,2,1
347,C347,24,32,65.44,2,Premium,1,1
348,C348,61,52,63.44,9,Estándar,5,1
349,C349,22,107,43.54,5,Básica,5,1
350,C350,48,63,53.4,9,Básica,1,1
351,C351,49,10,-10,2,Básica,4,0
352,C352,35,16,21.85,7,Premium,5,0
353,C353,56,103,74.11,10,Básica,1,1
354,C354,30,47,74.61,5,Premium,4,1
355,C355,47,119,19.19,10,Básica,5,1
356,C356,19,4,10.96,9,Básica,1,1
357,C357,45,44,16.52,7,Básica,3,1
358,C358,20,37,94.48,3,Premium,5,1
359,C359,50,45,40.19,8,Básica,3,1
360,C360,64,32,89.58,4,Básica,3,0
361,C361,46,101,32.37,2,Básica,1,1
362,C362,37,20,47.81,5,Estándar,4,1
363,C363,60,57,88.02,10,Básica,5,0
364,C364,26,20,39.95,6,Premium,3,1
365,C365,27,110,54.35,10,Estándar,2,1
366,C366,24,1,67.21,8,Estándar,2,1
367,C367,68,106,14.86,5,Estándar,2,1
368,C368,45,101,38.23,10,Estándar,2,1
369,C369,35,110,17,4,Estándar,3,1
370,C370,42,67,48.03,5,Básica,1,1
371,C371,61,11,44.03,5,Básica,1,0
372,C372,27,58,63.18,2,Básica,5,1
373,C373,26,29,98.51,6,Estándar,4,0
374,C374,36,57,51.61,5,Básica,4,1
375,C375,32,63,47.32,5,Básica,5,1
376,C376,63,90,96.07,9,Básica,1,1
377,C377,20,75,27.99,4,Básica,1,1
378,C378,39,37,43.17,6,Premium,4,1
379,C379,37,100,49.86,7,Premium,2,1
380,C380,59,30,27.16,7,Básica,2,1
381,C381,51,47,27.78,9,Premium,2,1
382,C382,40,80,21.58,8,Básica,5,1
383,C383,34,73,80.9,10,Estándar,2,1
384,C384,35,100,35.71,10,Básica,2,1
385,C385,36,35,32.22,7,Premium,4,0
386,C386,63,88,24.84,2,Premium,2,1
387,C387,34,33,20.59,5,Básica,5,0
388,C388,47,68,84.49,1,Estándar,1,1
389,C389,27,21,41.08,4,Básica,1,1
390,C390,54,107,63.8,9,Básica,3,1
391,C391,62,51,35.95,8,Básica,3,1
392,C392,67,36,51.25,3,Básica,4,0
393,C393,68,91,57.6,7,Estándar,1,0
394,C394,68,18,56,0,Estándar,3,1
395,C395,27,55,76.58,3,Básica,2,1
396,C396,65,99,26.39,9,Básica,1,1
397,C397,51,45,60.88,6,Premium,5,1
398,C398,21,36,99.16,0,Estándar,1,1
399,C399,42,94,77.03,9,Básica,5,1
400,C400,43,82,81.16,4,Básica,1,0
401,C401,56,81,29.74,8,Estándar,3,1
402,C402,50,87,80.52,8,Básica,5,1
403,C403,63,53,26.36,4,Básica,2,0
404,C404,69,44,61.08,5,Estándar,4,1
405,C405,39,47,45.62,8,Premium,4,1
406,C406,68,83,60.69,6,Estándar,3,1
407,C407,61,82,58.69,0,Premium,1,0
408,C408,36,67,77.6,1,Estándar,2,1
409,C409,23,41,37.63,10,Estándar,4,0
410,C410,61,84,70.12,5,Premium,2,1
411,C411,42,59,43.3,3,Básica,2,1
412,C412,47,52,80.42,6,Básica,5,1
413,C413,59,63,78.18,10,Premium,3,1
414,C414,56,58,39.55,4,Estándar,3,1
415,C415,68,77,79.36,2,Básica,1,0
416,C416,42,1,90.84,2,Estándar,2,1
417,C417,19,32,79.58,9,Estándar,4,1
418,C418,55,88,-10,4,Básica,1,1
419,C419,26,65,67.3,9,Estándar,4,1
420,C420,28,90,96.95,0,Básica,5,1
421,C421,23,39,88.62,5,Básica,3,0
422,C422,48,36,52.05,0,Estándar,4,1
423,C423,22,19,75.69,0,Básica,2,0
424,C424,31,58,62.38,9,Estándar,5,1
425,C425,59,27,44.82,0,Premium,3,1
426,C426,64,22,52.91,0,Estándar,3,1
427,C427,18,60,91.16,1,Estándar,3,1
428,C428,58,108,27.96,10,Estándar,1,1
429,C429,27,95,41.59,0,Premium,2,0
430,C430,66,108,38.84,2,Estándar,3,1
431,C431,29,82,65.08,8,Básica,4,1
432,C432,39,41,94.18,3,Básica,1,0
433,C433,18,100,49.72,5,Básica,3,1
434,C434,60,109,98.29,5,Básica,1,1
435,C435,21,56,17.78,4,Básica,5,1
436,C436,20,46,23.08,2,Estándar,4,1
437,C437,70,28,65.99,4,Estándar,3,1
438,C438,55,45,67.49,8,Estándar,1,0
439,C439,22,78,15.34,7,Básica,2,1
440,C440,59,113,36.59,4,Premium,4,1
441,C441,37,103,89.63,5,Básica,1,1
442,C442,51,31,58.24,9,Básica,2,1
443,C443,40,103,72,7,Estándar,5,0
444,C444,53,7,67.27,9,Básica,4,0
445,C445,37,57,65.36,4,Básica,5,1
446,C446,26,114,37.22,4,Básica,2,1
447,C447,44,76,48.08,7,Premium,3,1
448,C448,63,22,65.18,3,Estándar,5,1
449,C449,63,66,31.83,5,Estándar,1,1
450,C450,20,37,95.71,5,Estándar,1,1
451,C451,48,11,90.62,3,Básica,2,1
452,C452,35,45,22.59,0,Estándar,2,1
453,C453,27,4,55.72,7,Premium,2,1
454,C454,50,29,41.08,10,Estándar,5,1
455,C455,57,108,96.46,9,Premium,4,1
456,C456,37,86,65.52,1,Estándar,5,1
457,C457,70,81,66.57,0,Premium,3,0
458,C458,54,106,68.1,1,Premium,3,0
459,C459,23,55,98.2,3,Estándar,4,0
460,C460,46,16,57.42,8,Premium,1,1
461,C461,63,73,61.7,10,Estándar,3,1
462,C462,21,94,67.2,7,Premium,3,1
463,C463,44,40,25.42,1,Estándar,1,1
464,C464,26,12,49.12,0,Estándar,2,1
465,C465,57,6,91.96,6,Estándar,3,1
466,C466,40,6,61.78,10,Estándar,3,0
467,C467,65,18,91.76,6,Premium,4,1
468,C468,43,33,52.54,8,Básica,3,1
469,C469,29,13,34.81,6,Básica,5,1
470,C470,27,72,83.83,2,Estándar,5,1
471,C471,63,97,57.39,2,Estándar,5,1
472,C472,60,98,78.52,5,Básica,5,1
473,C473,40,110,25.34,3,Básica,3,1
474,C474,44,26,54.31,9,Básica,4,1
475,C475,51,81,47.84,1,Básica,5,1
476,C476,33,1,91.49,9,Premium,5,1
477,C477,63,32,14.12,3,Básica,4,1
478,C478,42,97,61.09,8,Básica,4,1
479,C479,45,52,85.78,2,Premium,4,1
480,C480,32,70,-10,10,Estándar,1,0
481,C481,66,44,84.22,0,Estándar,1,1
482,C482,55,92,63.11,3,Estándar,1,0
483,C483,40,67,16,2,Premium,2,0
484,C484,36,14,34.31,2,Básica,3,0
485,C485,27,5,48.56,7,Básica,2,1
486,C486,30,34,79.17,7,Básica,5,1
487,C487,55,18,59.04,9,Básica,3,1
488,C488,18,109,12.89,0,Premium,4,1
489,C489,28,93,36.9,5,Estándar,4,1
490,C490,62,11,24.97,5,Premium,2,0
491,C491,43,94,51.69,3,Básica,1,1
492,C492,27,11,76.14,9,Estándar,5,1
493,C493,62,120,51.48,10,Básica,5,1
494,C494,32,76,90.33,9,Básica,5,1
495,C495,34,65,64.24,6,Premium,3,1
496,C496,64,73,15.93,0,Básica,5,0
497,C497,25,68,24.28,3,Básica,4,1
498,C498,53,86,89.34,4,Básica,5,1
499,C499,23,57,41.71,2,Estándar,5,1
500,C500,27,90,18.2,3,Básica,2,1
501,C501,44,34,34.31,5,Básica,1,0
502,C502,37,88,34.79,2,Premium,4,1
503,C503,42,11,42.11,4,Premium,1,1
504,C504,41,104,18.27,8,Básica,5,1
505,C505,33,32,31.3,9,Estándar,4,1
506,C506,61,61,48.5,6,Estándar,3,1
507,C507,33,17,63.43,0,Básica,3,1
508,C508,68,85,56.76,2,Premium,5,0
509,C509,20,72,20.64,8,Básica,2,1
510,C510,49,64,69.39,9,Básica,3,1
511,C511,38,111,67.89,10,Estándar,5,1
512,C512,56,4,40.27,9,Básica,5,1
513,C513,20,51,75.69,8,Estándar,2,1
514,C514,27,84,54.29,10,Básica,1,0
515,C515,38,81,14.34,8,Estándar,1,1
516,C516,59,7,65.72,9,Premium,2,0
517,C517,24,61,93.64,9,Estándar,1,1
518,C518,36,79,24.89,7,Básica,4,0
519,C519,46,108,-10,2,Estándar,5,1
520,C520,62,37,31.74,0,Básica,1,1
521,C521,59,3,93.05,7,Premium,1,1
522,C522,63,112,92.44,4,Básica,1,1
523,C523,41,117,62.26,4,Premium,4,1
524,C524,46,117,10.14,0,Básica,2,1
525,C525,47,59,98.96,1,Básica,1,0
526,C526,60,58,84.74,5,Estándar,2,1
527,C527,62,89,81.77,4,Básica,1,1
528,C528,52,63,86.99,10,Básica,3,1
529,C529,59,93,63.66,1,Estándar,3,0
530,C530,68,116,92.05,6,Básica,5,1
531,C531,51,84,54.41,0,Básica,4,1
532,C532,56,25,40.96,5,Básica,3,0
533,C533,69,78,22.9,9,Básica,4,1
534,C534,38,88,81.96,2,Premium,3,1
535,C535,70,59,74.07,8,Estándar,4,1
536,C536,60,58,62.68,3,Básica,1,1
537,C537,60,79,56.55,6,Estándar,1,1
538,C538,43,107,33.56,2,Básica,4,0
539,C539,50,27,94.81,0,Básica,2,1
540,C540,70,21,73.88,2,Básica,2,1
541,C541,23,59,76.64,4,Estándar,1,0
542,C542,40,25,68,8,Básica,4,1
543,C543,59,43,29.69,3,Básica,2,1
544,C544,58,69,41.38,10,Premium,4,1
545,C545,61,43,26.56,3,Básica,4,1
546,C546,62,50,39.05,7,Básica,5,1
547,C547,35,115,89.23,5,Básica,4,1
548,C548,64,110,45.56,8,Básica,3,0
549,C549,38,7,70.04,0,Básica,4,0
550,C550,50,45,72.28,10,Estándar,1,1
551,C551,28,57,38.69,4,Básica,4,1
552,C552,57,36,53.12,0,Estándar,3,1
553,C553,62,70,33.32,8,Básica,1,1
554,C554,31,112,17.93,5,Premium,4,1
555,C555,19,101,13.28,10,Básica,3,1
556,C556,55,88,65.91,5,Básica,5,1
557,C557,62,9,70.41,7,Básica,4,1
558,C558,52,70,42.11,4,Básica,1,1
559,C559,45,12,68.02,2,Premium,1,1
560,C560,62,81,79.9,4,Premium,4,1
561,C561,33,106,94.38,5,Estándar,5,1
562,C562,68,35,20.2,1,Estándar,5,1
563,C563,33,70,96.73,8,Estándar,2,1
564,C564,62,66,12.53,9,Básica,4,0
565,C565,62,86,20.29,3,Estándar,3,1
566,C566,25,3,37.84,2,Estándar,1,0
567,C567,62,48,46.17,4,Básica,1,0
568,C568,55,58,33.58,4,Básica,2,1
569,C569,55,32,27.34,9,Básica,5,1
570,C570,25,79,77.55,8,Básica,1,1
571,C571,48,47,59.84,6,Básica,2,1
572,C572,54,32,12.77,6,Básica,5,1
573,C573,40,12,91.91,4,Estándar,3,1
574,C574,58,81,22.84,4,Básica,2,1
575,C575,27,58,49.56,5,Básica,2,1
576,C576,28,34,50.49,9,Básica,2,1
577,C577,44,71,69.3,3,Básica,3,1
578,C578,40,72,30.77,2,Estándar,4,1
579,C579,50,80,99.82,5,Básica,2,0
580,C580,39,42,48.18,10,Premium,5,0
581,C581,32,58,32.83,0,Premium,2,1
582,C582,21,32,20.39,2,Básica,4,1
583,C583,56,67,53.39,10,Estándar,1,0
584,C584,60,95,28.44,6,Premium,1,1
585,C585,27,108,20.31,4,Premium,3,1
586,C586,25,61,26.1,3,Estándar,1,1
587,C587,48,25,15.88,8,Básica,4,1
588,C588,45,43,13.65,2,Básica,1,1
589,C589,52,5,22.27,5,Estándar,4,1
590,C590,62,116,68.42,5,Básica,2,1
591,C591,37,3,95.17,4,Premium,4,0
592,C592,65,73,36.48,1,Premium,1,1
593,C593,25,18,25.41,10,Estándar,4,1
594,C594,49,76,36.02,4,Premium,1,0
595,C595,20,5,90.63,4,Básica,5,1
596,C596,58,110,87.96,2,Estándar,5,1
597,C597,65,107,75.13,4,Básica,2,1
598,C598,28,99,77.31,8,Básica,2,1
599,C599,30,118,65.72,7,Básica,5,1
600,C600,56,14,31.95,10,Básica,4,1
601,C601,35,112,55.07,8,Estándar,5,0
602,C602,56,83,82.95,5,Básica,3,1
603,C603,38,57,58.27,4,Básica,5,1
604,C604,22,33,41.71,5,Estándar,3,0
605,C605,48,28,77.56,0,Premium,1,1
606,C606,37,39,39.98,7,Estándar,4,1
607,C607,35,59,69.23,10,Básica,4,1
608,C608,56,119,60.95,5,Premium,1,1
609,C609,66,84,19.74,3,Estándar,3,1
610,C610,20,34,60.03,3,Premium,1,0
611,C611,65,62,57.72,4,Premium,1,1
612,C612,25,85,51.15,2,Premium,4,1
613,C613,36,102,82.79,5,Básica,3,1
614,C614,67,5,46.05,4,Básica,5,1
615,C615,27,22,58.22,4,Premium,1,0
616,C616,32,18,68.99,1,Premium,1,1
617,C617,29,26,64.62,10,Estándar,5,1
618,C618,52,32,85.59,8,Básica,2,1
619,C619,69,71,43.05,9,Premium,4,1
620,C620,65,86,41.22,4,Estándar,5,1
621,C621,49,110,94.23,6,Premium,1,1
622,C622,59,26,93.4,10,Premium,4,1
623,C623,51,54,12.96,6,Básica,5,1
624,C624,57,36,28.17,7,Estándar,3,1
625,C625,18,45,32.09,8,Básica,1,1
626,C626,30,53,97.96,2,Estándar,4,1
627,C627,24,1,93.7,6,Básica,2,1
628,C628,28,52,81.46,7,Básica,2,1
629,C629,28,8,26.06,5,Básica,4,1
630,C630,30,19,42.3,0,Estándar,2,1
631,C631,54,25,82.72,7,Básica,2,0
632,C632,51,26,11.51,7,Básica,4,1
633,C633,32,84,97.38,5,Básica,5,0
634,C634,54,61,41.08,4,Estándar,1,1
635,C635,31,39,28.29,3,Premium,5,1
636,C636,54,106,42.77,0,Básica,5,1
637,C637,43,73,64.32,4,Básica,5,0
638,C638,66,71,93.32,6,Básica,5,0
639,C639,45,5,94.07,10,Premium,3,0
640,C640,35,111,68.2,6,Básica,3,1
641,C641,34,105,60.45,0,Básica,4,1
642,C642,67,35,13.09,9,Básica,5,1
643,C643,56,66,80.77,2,Estándar,2,1
644,C644,62,17,64.67,1,Básica,3,1
645,C645,51,85,11.32,5,Básica,1,1
646,C646,29,38,25.56,10,Básica,5,1
647,C647,47,19,98.84,8,Premium,4,1
648,C648,52,77,14,0,Básica,4,1
649,C649,37,83,13.32,1,Premium,1,1
650,C650,43,48,83.89,3,Premium,1,1
651,C651,42,107,43.24,7,Básica,3,1
652,C652,25,13,75.37,10,Premium,1,1
653,C653,37,9,20.44,0,Premium,1,0
654,C654,45,25,41.01,4,Básica,3,0
655,C655,63,101,76.85,0,Estándar,1,0
656,C656,50,67,93.22,3,Estándar,5,1
657,C657,63,78,89.54,8,Estándar,1,0
658,C658,38,24,43.97,0,Premium,4,1
659,C659,67,87,96.64,5,Básica,5,1
660,C660,51,107,14.14,8,Básica,3,1
661,C661,22,7,23.3,8,Básica,2,0
662,C662,59,17,83.7,4,Básica,5,0
663,C663,29,3,97.53,8,Básica,2,1
664,C664,20,114,32.49,4,Estándar,1,1
665,C665,35,42,66.34,1,Premium,4,1
666,C666,67,46,59.91,5,Estándar,5,1
667,C667,67,46,32.1,6,Estándar,1,1
668,C668,64,110,26.01,8,Básica,4,1
669,C669,18,61,83.32,1,Premium,2,1
670,C670,25,96,18.64,10,Estándar,1,1
671,C671,68,9,88.62,7,Básica,2,0
672,C672,57,37,70.35,2,Estándar,5,1
673,C673,47,81,18,3,Básica,3,1
674,C674,37,33,26.6,10,Básica,5,0
675,C675,68,15,17.77,3,Premium,5,1
676,C676,51,16,36.47,3,Básica,2,1
677,C677,38,18,60.75,3,Básica,1,0
678,C678,69,80,78.89,8,Estándar,5,1
679,C679,36,39,71.12,1,Premium,4,0
680,C680,60,63,10.47,10,Estándar,3,1
681,C681,64,21,43.05,3,Estándar,5,0
682,C682,35,112,25.69,6,Premium,4,1
683,C683,57,112,33.69,9,Estándar,1,1
684,C684,41,104,94.32,2,Básica,2,1
685,C685,59,30,89.27,0,Básica,3,1
686,C686,46,56,54.81,10,Premium,1,1
687,C687,51,41,95.43,2,Estándar,1,0
688,C688,39,4,14.16,7,Premium,1,1
689,C689,NA,119,49.48,3,Básica,2,1
690,C690,40,58,53.23,7,Premium,3,1
691,C691,34,81,86.57,8,Estándar,1,1
692,C692,61,74,56.63,1,Estándar,2,1
693,C693,37,4,36.01,5,Básica,1,1
694,C694,68,11,29.7,10,Básica,4,1
695,C695,56,63,40.67,2,Estándar,4,1
696,C696,26,3,32.19,3,Premium,4,1
697,C697,36,113,78.44,2,Premium,5,0
698,C698,38,70,53.6,8,Básica,3,1
699,C699,60,26,61.6,10,Estándar,2,1
700,C700,60,43,81.95,9,Básica,5,1
701,C701,61,107,56.98,9,Básica,2,0
702,C702,34,30,28.01,7,Básica,3,1
703,C703,51,45,20.06,0,Básica,2,1
704,C704,69,5,78.68,4,Premium,4,1
705,C705,24,8,59.35,9,Premium,4,1
706,C706,66,2,12.78,3,Básica,2,1
707,C707,21,37,31.54,10,Premium,5,1
708,C708,62,116,97.91,2,Básica,5,1
709,C709,68,2,28.51,2,Básica,3,1
710,C710,18,81,80.17,10,Premium,1,1
711,C711,45,28,95.32,6,Estándar,2,1
712,C712,34,112,34.01,0,Básica,4,1
713,C713,53,30,20.22,5,Básica,1,1
714,C714,51,100,51.29,5,Premium,3,1
715,C715,44,23,36.57,8,Estándar,4,0
716,C716,46,81,19.8,9,Premium,4,0
717,C717,43,21,11.87,9,Básica,4,1
718,C718,38,24,25.79,8,Premium,1,0
719,C719,57,59,26.29,5,Premium,3,1
720,C720,52,56,65.53,4,Premium,2,0
721,C721,30,84,32.83,3,Estándar,1,1
722,C722,NA,74,11.75,7,Básica,2,1
723,C723,53,62,84.7,0,Básica,2,1
724,C724,58,1,77.58,6,Básica,2,1
725,C725,60,49,39.82,0,Estándar,3,1
726,C726,45,56,81.87,1,Básica,1,1
727,C727,27,107,89.28,10,Premium,4,1
728,C728,49,48,59.38,8,Básica,5,1
729,C729,63,28,96.56,2,Estándar,5,1
730,C730,44,55,29.37,4,Básica,5,1
731,C731,50,46,43.44,9,Premium,5,1
732,C732,18,16,76.32,4,Básica,4,1
733,C733,31,28,54.59,3,Básica,2,1
734,C734,69,106,47.75,10,Básica,3,1
735,C735,70,99,37.96,7,Básica,4,0
736,C736,49,47,96.59,3,Básica,5,1
737,C737,45,103,86.64,9,Básica,1,1
738,C738,60,61,72.34,8,Básica,3,1
739,C739,49,88,48.44,6,Premium,3,1
740,C740,58,102,97.17,5,Básica,5,1
741,C741,47,25,23.25,0,Premium,5,1
742,C742,68,60,34.4,2,Básica,3,1
743,C743,54,108,-10,1,Básica,1,1
744,C744,70,53,88.8,8,Básica,5,1
745,C745,51,116,69.98,2,Estándar,1,1
746,C746,58,74,85.04,10,Premium,2,1
747,C747,52,28,15.01,10,Estándar,1,1
748,C748,41,96,76.42,3,Básica,5,1
749,C749,61,51,73.7,2,Básica,4,1
750,C750,51,63,96.56,1,Premium,1,1
751,C751,41,67,86.35,4,Básica,2,1
752,C752,45,10,89.26,9,Estándar,4,1
753,C753,65,119,41.04,3,Premium,1,1
754,C754,35,87,87.8,6,Premium,1,0
755,C755,47,93,47.01,1,Básica,1,1
756,C756,39,56,92.42,7,Básica,5,1
757,C757,43,73,19.49,0,Básica,2,1
758,C758,66,65,31.29,4,Estándar,4,1
759,C759,NA,14,34.08,7,Básica,3,1
760,C760,48,77,77.9,8,Básica,1,1
761,C761,57,32,86.99,8,Básica,2,0
762,C762,47,13,90.79,0,Estándar,1,1
763,C763,25,62,53.94,7,Básica,2,1
764,C764,68,91,12.75,1,Básica,4,1
765,C765,64,83,50.25,10,Básica,1,1
766,C766,42,19,90.46,6,Estándar,4,0
767,C767,55,16,14.64,1,Básica,3,1
768,C768,52,53,22.66,7,Básica,5,0
769,C769,18,54,80.43,3,Básica,2,0
770,C770,47,99,16.32,3,Básica,3,1
771,C771,64,48,56.14,7,Básica,2,1
772,C772,21,39,51.32,5,Básica,4,1
773,C773,45,66,50.13,3,Premium,2,0
774,C774,58,58,13.89,6,Estándar,4,1
775,C775,50,88,26.53,10,Estándar,5,1
776,C776,60,103,29.74,1,Básica,2,1
777,C777,23,7,15.9,2,Básica,5,1
778,C778,37,86,82.15,1,Estándar,3,0
779,C779,NA,103,12.04,3,Premium,2,1
780,C780,26,20,57.99,8,Básica,2,1
781,C781,45,10,-10,7,Premium,4,0
782,C782,48,114,91.06,3,Básica,2,1
783,C783,41,68,22.11,4,Estándar,5,0
784,C784,23,43,64.79,7,Básica,1,1
785,C785,61,46,53.97,4,Estándar,2,1
786,C786,39,88,13.92,2,Básica,5,1
787,C787,66,86,44.16,1,Básica,3,0
788,C788,28,93,21.26,6,Básica,5,1
789,C789,26,18,81.52,6,Básica,3,1
790,C790,35,59,60.71,1,Básica,5,1
791,C791,60,120,53.72,4,Premium,5,1
792,C792,36,47,40.12,9,Básica,2,0
793,C793,50,10,71.72,7,Estándar,5,1
794,C794,60,56,83.6,0,Estándar,4,1
795,C795,66,34,11.5,7,Estándar,3,0
796,C796,66,87,60.4,1,Básica,4,1
797,C797,57,33,63.7,0,Básica,4,0
798,C798,28,62,22.02,10,Estándar,1,1
799,C799,67,107,71.38,6,Estándar,5,0
800,C800,50,62,36.24,0,Básica,3,0
801,C801,55,68,71.86,9,Básica,2,1
802,C802,NA,92,86.13,4,Estándar,1,1
803,C803,63,29,57.89,7,Básica,5,1
804,C804,54,98,25.5,10,Básica,4,1
805,C805,18,34,13.37,7,Básica,2,1
806,C806,47,87,16.01,10,Premium,3,1
807,C807,35,93,-10,6,Básica,4,1
808,C808,21,110,74.26,3,Básica,4,1
809,C809,32,84,10.84,4,Estándar,3,1
810,C810,24,41,61.52,3,Estándar,2,1
811,C811,31,15,32.96,1,Estándar,4,1
812,C812,27,30,29.15,4,Estándar,2,1
813,C813,52,72,59.87,7,Básica,3,1
814,C814,24,33,53.34,4,Básica,4,0
815,C815,22,115,80.86,1,Premium,3,1
816,C816,41,73,60.49,0,Estándar,5,1
817,C817,55,10,67.75,5,Premium,2,1
818,C818,22,7,29.95,0,Básica,4,1
819,C819,38,64,32.57,7,Básica,2,1
820,C820,67,83,67.81,10,Premium,3,1
821,C821,58,86,66.79,6,Básica,4,1
822,C822,NA,63,31.96,5,Premium,3,1
823,C823,20,50,89.75,10,Estándar,2,0
824,C824,26,3,42.92,9,Básica,3,1
825,C825,62,93,32.52,2,Estándar,1,1
826,C826,44,47,79.41,10,Básica,4,1
827,C827,46,59,48.02,0,Básica,5,1
828,C828,44,100,44.89,9,Básica,4,1
829,C829,56,112,62.76,5,Estándar,1,0
830,C830,59,45,14.27,2,Estándar,1,1
831,C831,34,78,38.39,2,Básica,4,1
832,C832,51,116,45.62,1,Estándar,3,1
833,C833,37,17,42.79,8,Premium,4,1
834,C834,66,114,14.01,5,Básica,5,1
835,C835,43,107,85.54,6,Estándar,4,1
836,C836,29,44,36.92,3,Estándar,3,1
837,C837,41,2,88.01,4,Básica,2,1
838,C838,41,100,33.59,0,Estándar,3,1
839,C839,55,19,39.49,9,Estándar,3,1
840,C840,NA,49,99.93,2,Premium,1,1
841,C841,39,100,90.13,6,Premium,3,1
842,C842,47,100,71.95,1,Básica,3,0
843,C843,68,42,16.02,9,Estándar,4,1
844,C844,27,86,70.37,6,Estándar,3,1
845,C845,65,78,21.94,1,Premium,5,1
846,C846,50,41,62.14,9,Básica,3,1
847,C847,59,119,-10,7,Básica,5,0
848,C848,24,42,36.85,3,Estándar,1,0
849,C849,42,75,48.06,3,Estándar,1,1
850,C850,41,64,10.33,3,Estándar,2,1
851,C851,19,64,60.9,0,Básica,5,1
852,C852,53,69,96.86,2,Premium,2,1
853,C853,69,61,41.5,9,Estándar,2,1
854,C854,25,54,37.26,9,Básica,2,1
855,C855,64,73,15.76,7,Básica,5,1
856,C856,31,65,27.49,0,Estándar,1,1
857,C857,34,72,68.72,0,Premium,1,1
858,C858,54,68,33.79,2,Básica,4,0
859,C859,66,93,45.6,4,Estándar,4,1
860,C860,34,117,87.29,2,Estándar,2,0
861,C861,33,107,89.69,3,Básica,5,1
862,C862,49,101,79.49,3,Premium,2,0
863,C863,69,58,93.06,5,Premium,5,1
864,C864,42,90,91.62,3,Estándar,5,1
865,C865,55,3,44.45,1,Estándar,2,1
866,C866,20,52,64.91,10,Premium,2,0
867,C867,31,60,91.58,4,Básica,5,1
868,C868,26,69,50.88,4,Básica,2,1
869,C869,61,104,93.9,6,Básica,3,1
870,C870,26,15,46.11,0,Premium,2,1
871,C871,41,14,12.29,0,Estándar,5,1
872,C872,63,82,15.37,1,Premium,5,1
873,C873,20,13,81.56,1,Premium,1,1
874,C874,53,58,64.22,8,Básica,5,1
875,C875,52,28,15.51,10,Básica,3,1
876,C876,56,89,43.11,2,Básica,3,1
877,C877,50,3,66.78,3,Estándar,5,1
878,C878,54,112,41.58,10,Básica,3,1
879,C879,39,35,37.84,3,Estándar,2,1
880,C880,21,116,86.84,7,Premium,3,1
881,C881,46,73,48.19,3,Estándar,1,1
882,C882,NA,107,89.84,0,Premium,1,0
883,C883,25,42,83.1,0,Básica,2,1
884,C884,61,72,99.36,7,Básica,4,0
885,C885,61,20,49.98,4,Estándar,5,1
886,C886,29,53,71.11,0,Premium,3,1
887,C887,64,78,15.4,8,Premium,5,1
888,C888,26,104,51.6,6,Estándar,5,0
889,C889,41,3,90.85,4,Básica,5,1
890,C890,20,16,26.37,3,Estándar,5,0
891,C891,20,73,19.66,9,Básica,4,0
892,C892,43,73,53.8,4,Básica,5,0
893,C893,58,80,93.51,1,Estándar,4,1
894,C894,24,63,96.16,8,Estándar,2,1
895,C895,44,97,77.64,2,Básica,1,1
896,C896,NA,78,46.6,4,Básica,3,1
897,C897,61,89,66.74,3,Premium,5,0
898,C898,62,67,96.06,9,Premium,4,0
899,C899,66,103,10.38,5,Estándar,4,1
900,C900,49,72,47.07,10,Básica,5,1
901,C901,32,5,14.53,1,Estándar,4,1
902,C902,64,86,62.5,6,Básica,5,1
903,C903,37,4,13.2,9,Básica,4,0
904,C904,52,9,99.41,8,Estándar,3,1
905,C905,44,29,12.18,10,Básica,5,1
906,C906,62,49,55.98,0,Básica,4,1
907,C907,36,113,14.45,9,Básica,3,1
908,C908,19,69,16.58,5,Básica,2,1
909,C909,39,43,66.2,5,Básica,2,0
910,C910,54,112,32.52,10,Básica,3,1
911,C911,58,75,53.49,6,Básica,4,1
912,C912,67,49,23.07,2,Estándar,5,1
913,C913,50,45,26.91,10,Básica,5,1
914,C914,21,8,58.22,0,Básica,4,1
915,C915,35,13,87.14,1,Premium,1,1
916,C916,54,42,35.52,6,Básica,2,1
917,C917,52,14,29.52,4,Estándar,5,1
918,C918,59,37,68.26,9,Estándar,3,1
919,C919,42,24,40.26,1,Básica,4,1
920,C920,56,86,95.3,2,Premium,4,1
921,C921,31,85,36.45,5,Premium,1,1
922,C922,44,94,24.8,7,Básica,5,1
923,C923,27,27,16.22,2,Premium,2,1
924,C924,40,53,24.1,5,Básica,3,1
925,C925,27,80,97.96,3,Estándar,2,1
926,C926,38,14,45.89,1,Básica,3,1
927,C927,58,12,95.47,1,Básica,2,1
928,C928,56,73,83.02,1,Básica,3,1
929,C929,23,80,13.86,0,Básica,3,1
930,C930,69,34,68.19,8,Estándar,3,1
931,C931,45,45,43.51,4,Estándar,5,1
932,C932,25,84,58.74,2,Básica,1,1
933,C933,48,13,12.25,7,Premium,5,1
934,C934,43,83,94.78,0,Básica,5,1
935,C935,41,84,69.52,6,Básica,3,1
936,C936,54,59,45.47,7,Estándar,3,1
937,C937,36,60,59.38,1,Básica,2,1
938,C938,37,54,97.1,4,Básica,4,1
939,C939,28,37,37.19,2,Premium,5,1
940,C940,44,92,15.89,5,Básica,5,1
941,C941,66,12,13.31,5,Premium,4,1
942,C942,24,27,64.96,10,Básica,2,1
943,C943,59,4,31.46,3,Premium,3,1
944,C944,61,61,83.54,4,Estándar,5,1
945,C945,21,65,89.58,7,Premium,4,1
946,C946,48,21,88.53,7,Premium,1,1
947,C947,69,64,12.73,7,Premium,4,1
948,C948,52,26,16.59,2,Básica,4,1
949,C949,18,113,23.39,5,Básica,4,1
950,C950,65,58,33.9,6,Estándar,4,1
951,C951,22,99,58.2,9,Básica,2,1
952,C952,68,88,12.4,9,Básica,5,0
953,C953,34,114,88.14,2,Básica,5,1
954,C954,60,100,46.5,1,Básica,2,1
955,C955,18,101,33.45,7,Estándar,3,1
956,C956,41,48,37.76,5,Básica,3,1
957,C957,50,57,10.05,5,Estándar,3,1
958,C958,35,9,85.45,8,Estándar,3,1
959,C959,20,83,99.6,2,Estándar,4,1
960,C960,22,105,69.5,5,Estándar,3,1
961,C961,56,98,23.01,9,Básica,3,0
962,C962,23,98,44.52,9,Estándar,4,1
963,C963,33,20,93.54,7,Estándar,3,0
964,C964,30,8,92.21,7,Premium,4,0
965,C965,50,32,23.91,6,Estándar,4,1
966,C966,68,12,49.84,9,Básica,2,0
967,C967,67,10,61.87,7,Estándar,1,0
968,C968,27,68,91.53,7,Estándar,2,0
969,C969,31,99,31.52,5,Premium,2,1
970,C970,59,118,77.27,0,Estándar,5,1
971,C971,51,72,52.67,5,Estándar,4,1
972,C972,33,110,77.12,3,Básica,3,1
973,C973,58,52,48.6,10,Premium,1,1
974,C974,34,112,83.6,5,Premium,5,0
975,C975,19,95,16.44,0,Premium,2,1
976,C976,32,89,34.07,4,Estándar,3,1
977,C977,40,34,50.23,7,Estándar,2,1
978,C978,44,91,17.11,4,Premium,2,1
979,C979,57,119,53.48,3,Premium,3,1
980,C980,NA,15,81.2,4,Estándar,4,1
981,C981,51,68,81.93,4,Básica,5,0
982,C982,66,111,18.7,9,Estándar,5,1
983,C983,20,114,30.01,9,Básica,4,1
984,C984,60,111,26.48,7,Estándar,4,1
985,C985,54,24,97.4,4,Básica,3,1
986,C986,39,72,47.21,4,Premium,1,1
987,C987,50,101,76.82,1,Premium,2,1
988,C988,20,49,-10,2,Básica,1,0
989,C989,31,108,24.58,2,Básica,4,1
990,C990,55,1,75.59,8,Estándar,2,1
991,C991,33,26,22.41,10,Básica,1,1
992,C992,27,39,12.99,9,Básica,1,1
993,C993,44,60,84.95,4,Básica,1,1
994,C994,25,38,63.68,5,Básica,2,1
995,C995,40,20,59.01,8,Estándar,4,1
996,C996,26,120,13.44,6,Estándar,1,0
997,C997,52,94,16.81,9,Estándar,5,0
998,C998,51,87,98.9,7,Básica,4,0
999,C999,55,59,12.93,2,Estándar,4,1
1000,C1000,51,46,25.56,5,Básica,4,1
1001,C1001,65,28,80.96,5,Básica,4,0
1002,C1002,47,112,95.88,1,Estándar,2,1
1003,C1003,42,53,56.54,6,Estándar,3,1
1004,C1004,47,85,43.06,10,Premium,4,1
1005,C1005,26,61,87.39,8,Premium,2,1
1006,C1006,54,85,75.93,9,Estándar,4,1
1007,C1007,34,6,21.4,5,Estándar,5,0
1008,C1008,61,78,29,5,Premium,3,1
1009,C1009,37,83,88.21,7,Básica,4,0
1010,C1010,53,33,59.18,3,Básica,2,1
1011,C1011,55,80,32.02,4,Básica,5,1
1012,C1012,51,46,75.56,4,Premium,1,0
1013,C1013,20,113,26.65,4,Básica,2,0
1014,C1014,67,58,94.31,6,Premium,5,1
1015,C1015,34,65,20.19,3,Premium,2,1
1016,C1016,41,27,33.88,3,Básica,5,1
1017,C1017,67,42,60.1,5,Básica,1,1
1018,C1018,28,111,15.3,7,Básica,3,0
1019,C1019,25,120,21.6,10,Premium,5,0
1020,C1020,56,20,19.92,4,Básica,3,1
1021,C1021,70,107,87.93,7,Premium,2,0
1022,C1022,37,4,59.51,9,Estándar,3,1
1023,C1023,45,52,44.78,8,Premium,1,1
1024,C1024,40,10,64.21,7,Estándar,3,1
1025,C1025,50,40,72.59,5,Básica,2,1
1026,C1026,36,2,45.24,6,Estándar,2,1
1027,C1027,33,70,63.37,2,Básica,1,0
1028,C1028,57,33,-10,4,Básica,2,0
1029,C1029,69,57,31.8,7,Básica,4,1
1030,C1030,67,67,44.02,5,Básica,1,1
1031,C1031,70,45,19.17,0,Básica,5,1
1032,C1032,27,28,40.3,1,Premium,4,1
1033,C1033,27,89,43.86,0,Estándar,5,1
1034,C1034,36,118,-10,0,Estándar,5,0
1035,C1035,30,1,18.34,5,Estándar,2,1
1036,C1036,40,79,58.11,1,Básica,4,1
1037,C1037,61,117,17.74,4,Premium,3,1
1038,C1038,57,13,90.05,0,Estándar,5,1
1039,C1039,70,63,-10,4,Estándar,4,1
1040,C1040,55,47,99.6,9,Premium,2,1
1041,C1041,56,20,45.2,1,Premium,2,1
1042,C1042,56,78,18.33,10,Básica,4,0
1043,C1043,54,34,88.04,7,Premium,1,1
1044,C1044,18,18,50.07,9,Básica,5,1
1045,C1045,NA,96,85.23,2,Estándar,2,1
1046,C1046,60,100,54.9,2,Estándar,4,1
1047,C1047,51,46,15.11,6,Premium,2,1
1048,C1048,67,109,89.75,9,Premium,5,0
1049,C1049,40,110,85.99,8,Básica,1,1
1050,C1050,59,48,43.42,2,Básica,3,0
1051,C1051,55,53,90.42,8,Estándar,2,1
1052,C1052,70,52,66.1,5,Básica,5,1
1053,C1053,53,40,68.45,7,Básica,3,1
1054,C1054,29,57,61.48,2,Básica,1,1
1055,C1055,70,109,18.54,9,Estándar,2,1
1056,C1056,23,36,68.15,2,Básica,5,1
1057,C1057,34,69,71.25,8,Básica,1,1
1058,C1058,63,12,33.42,0,Básica,1,0
1059,C1059,18,81,91.25,3,Básica,1,1
1060,C1060,60,23,99.55,3,Básica,1,1
1061,C1061,37,85,38.12,4,Básica,3,1
1062,C1062,43,87,21.43,9,Estándar,3,1
1063,C1063,36,68,67.92,8,Estándar,5,1
1064,C1064,54,78,44.05,10,Estándar,2,1
1065,C1065,20,16,94.14,6,Básica,3,1
1066,C1066,62,51,69.52,9,Básica,2,1
1067,C1067,36,37,89.16,10,Básica,5,1
1068,C1068,70,36,70.03,8,Básica,5,0
1069,C1069,67,26,48.38,9,Básica,1,1
1070,C1070,37,62,20.91,5,Estándar,2,0
1071,C1071,48,90,96.22,10,Básica,1,1
1072,C1072,NA,29,49.63,10,Básica,5,1
1073,C1073,51,1,50.08,6,Básica,5,1
1074,C1074,50,75,17.28,6,Básica,3,1
1075,C1075,39,71,23.76,7,Estándar,1,1
1076,C1076,63,80,83.85,2,Estándar,2,1
1077,C1077,24,41,41.27,0,Premium,1,0
1078,C1078,64,57,26.1,10,Estándar,5,1
1079,C1079,55,108,78.83,1,Básica,1,1
1080,C1080,61,24,21.7,1,Básica,1,1
1081,C1081,69,17,83.43,4,Premium,2,1
1082,C1082,60,53,54.79,9,Básica,4,1
1083,C1083,27,65,89.12,9,Básica,1,1
1084,C1084,47,22,19.41,6,Estándar,5,1
1085,C1085,66,109,88.67,4,Básica,4,1
1086,C1086,42,102,62.58,3,Básica,1,0
1087,C1087,NA,56,60.71,5,Básica,2,1
1088,C1088,47,96,36.03,10,Premium,3,1
1089,C1089,44,2,63.62,6,Básica,1,1
1090,C1090,NA,32,33.84,2,Estándar,4,0
1091,C1091,59,31,48.11,2,Básica,1,0
1092,C1092,26,69,14.98,6,Premium,5,1
1093,C1093,39,79,60.7,9,Estándar,2,1
1094,C1094,44,61,10.6,10,Estándar,4,1
1095,C1095,25,30,96.16,4,Premium,4,1
1096,C1096,36,36,87.99,5,Básica,3,1
1097,C1097,24,40,14.49,10,Estándar,1,1
1098,C1098,43,83,96.48,1,Premium,5,0
1099,C1099,33,4,94.15,9,Básica,4,1
1100,C1100,25,41,90.6,2,Estándar,4,1
1101,C1101,40,39,44.81,0,Estándar,4,1
1102,C1102,38,89,52.08,3,Básica,3,1
1103,C1103,33,1,44.13,10,Estándar,4,1
1104,C1104,48,57,60.27,7,Premium,5,1
1105,C1105,70,88,84.56,1,Básica,3,1
1106,C1106,46,23,67.47,5,Premium,2,1
1107,C1107,60,2,25.06,3,Básica,5,1
1108,C1108,44,109,43.12,1,Estándar,4,1
1109,C1109,27,111,80.67,0,Básica,1,0
1110,C1110,37,64,72,2,Premium,4,1
1111,C1111,35,75,61.9,6,Básica,4,1
1112,C1112,33,118,81.7,1,Básica,5,1
1113,C1113,25,114,62.04,9,Estándar,3,1
1114,C1114,38,120,84.55,2,Estándar,2,1
1115,C1115,54,42,38.32,1,Básica,1,1
1116,C1116,40,58,89.03,7,Estándar,1,1
1117,C1117,67,10,79.8,3,Básica,4,1
1118,C1118,64,4,40.31,3,Premium,2,1
1119,C1119,19,101,82.95,1,Básica,1,0
1120,C1120,50,23,66.79,10,Estándar,3,1
1121,C1121,45,18,35.34,3,Básica,2,1
1122,C1122,48,77,51.19,7,Estándar,2,1
1123,C1123,45,84,45.6,5,Estándar,2,1
1124,C1124,NA,82,18.91,9,Básica,5,1
1125,C1125,26,51,80,7,Estándar,1,1
1126,C1126,50,51,26.37,7,Estándar,2,0
1127,C1127,34,84,77.39,8,Básica,4,1
1128,C1128,62,120,44.94,5,Estándar,3,1
1129,C1129,23,35,13.25,8,Estándar,2,1
1130,C1130,29,116,64.46,10,Estándar,2,1
1131,C1131,36,90,59.91,6,Estándar,2,1
1132,C1132,50,74,90.06,0,Estándar,1,1
1133,C1133,28,87,15.36,2,Básica,4,0
1134,C1134,45,110,81.49,1,Básica,2,1
1135,C1135,44,29,81.2,9,Estándar,2,0
1136,C1136,33,89,-10,9,Estándar,2,1
1137,C1137,31,14,58.81,4,Premium,4,1
1138,C1138,68,13,75.36,2,Premium,4,1
1139,C1139,70,65,42.77,10,Premium,2,1
1140,C1140,40,75,26.36,1,Premium,1,1
1141,C1141,54,35,65.38,9,Premium,3,1
1142,C1142,57,14,83.44,3,Básica,3,1
1143,C1143,70,60,41.36,5,Básica,2,1
1144,C1144,36,88,25.31,7,Básica,4,1
1145,C1145,65,42,81.63,3,Básica,5,1
1146,C1146,61,43,19.66,6,Estándar,1,1
1147,C1147,64,90,74.17,10,Premium,1,0
1148,C1148,24,37,57.92,10,Básica,5,1
1149,C1149,50,52,14.9,0,Básica,1,1
1150,C1150,41,93,28.73,10,Básica,5,1
1151,C1151,32,24,90.17,8,Básica,5,1
1152,C1152,25,19,87.09,4,Estándar,3,1
1153,C1153,23,93,87.79,4,Estándar,2,1
1154,C1154,NA,17,23.24,9,Estándar,4,1
1155,C1155,51,71,77.64,0,Estándar,4,0
1156,C1156,50,89,72.74,6,Estándar,1,1
1157,C1157,47,91,93.32,1,Premium,1,1
1158,C1158,69,40,85.41,2,Estándar,3,1
1159,C1159,54,56,83.19,8,Básica,1,1
1160,C1160,54,72,42.63,0,Estándar,3,1
1161,C1161,60,30,30.33,1,Básica,2,1
1162,C1162,44,48,70.68,7,Premium,3,1
1163,C1163,44,18,16.52,3,Premium,2,1
1164,C1164,66,65,34.88,2,Estándar,1,1
1165,C1165,34,87,55.46,5,Estándar,4,1
1166,C1166,34,102,21.51,8,Estándar,3,0
1167,C1167,43,57,99.58,9,Básica,1,1
1168,C1168,47,54,10.88,7,Estándar,1,1
1169,C1169,44,64,72.66,8,Estándar,3,1
1170,C1170,36,24,25.94,5,Premium,2,1
1171,C1171,30,71,16.3,2,Premium,3,1
1172,C1172,35,92,68.83,10,Premium,2,1
1173,C1173,27,31,48.55,0,Premium,1,1
1174,C1174,20,104,57.66,6,Básica,5,1
1175,C1175,66,84,59.03,0,Básica,4,1
1176,C1176,45,112,23.08,8,Premium,4,1
1177,C1177,38,22,75.04,2,Básica,4,1
1178,C1178,27,52,52.22,2,Premium,1,1
1179,C1179,50,43,44.88,5,Básica,2,0
1180,C1180,28,80,10.71,6,Básica,2,1
1181,C1181,30,33,95.46,7,Estándar,2,0
1182,C1182,63,67,81.18,1,Básica,3,1
1183,C1183,62,103,72.83,3,Estándar,1,1
1184,C1184,24,30,27.3,0,Estándar,1,0
1185,C1185,57,112,55.12,3,Básica,5,1
1186,C1186,53,63,50.52,1,Premium,2,0
1187,C1187,31,4,21.21,9,Básica,2,1
1188,C1188,NA,118,69.36,7,Estándar,4,0
1189,C1189,37,46,62.15,1,Básica,5,1
1190,C1190,68,75,27.78,2,Básica,3,1
1191,C1191,40,68,10.42,6,Básica,5,1
1192,C1192,63,9,93.59,4,Estándar,1,1
1193,C1193,36,4,48.93,1,Básica,3,1
1194,C1194,64,77,65.85,2,Básica,2,0
1195,C1195,65,81,24.66,3,Básica,3,1
1196,C1196,20,37,69.97,5,Básica,1,1
1197,C1197,19,51,69.35,0,Premium,4,1
1198,C1198,55,14,81.2,1,Básica,3,1
1199,C1199,56,116,77.71,9,Estándar,3,1
1200,C1200,27,99,83.94,9,Premium,5,1
1201,C1201,62,2,32.88,8,Básica,5,1
1202,C1202,59,87,73.64,0,Básica,1,1
1203,C1203,59,58,25.46,10,Estándar,5,1
1204,C1204,45,48,99.2,10,Básica,1,1
1205,C1205,52,9,67.29,3,Premium,3,1
1206,C1206,NA,87,34.59,2,Premium,4,1
1207,C1207,69,71,29.18,8,Estándar,2,1
1208,C1208,66,84,94.66,5,Estándar,5,1
1209,C1209,67,22,13.8,9,Estándar,1,1
1210,C1210,34,59,17.91,3,Estándar,3,1
1211,C1211,27,69,24.7,9,Premium,2,1
1212,C1212,59,119,37.52,2,Básica,3,0
1213,C1213,57,86,73.95,6,Estándar,2,1
1214,C1214,42,108,38.46,9,Básica,1,1
1215,C1215,40,34,63,7,Premium,2,0
1216,C1216,30,76,26.61,5,Básica,1,1
1217,C1217,57,50,10.11,7,Estándar,1,1
1218,C1218,44,39,58.88,10,Premium,3,0
1219,C1219,69,52,19.83,10,Básica,4,1
1220,C1220,54,102,76.79,6,Premium,5,0
1221,C1221,34,118,85.19,0,Básica,5,1
1222,C1222,42,116,28.54,2,Estándar,2,1
1223,C1223,26,60,67.24,7,Básica,3,1
1224,C1224,57,82,67.64,6,Premium,1,1
1225,C1225,45,62,25.38,2,Estándar,2,1
1226,C1226,36,81,76.31,1,Estándar,5,1
1227,C1227,30,59,79.22,2,Básica,5,1
1228,C1228,50,59,58.51,7,Básica,5,0
1229,C1229,29,62,63.03,3,Estándar,1,1
1230,C1230,18,29,29.04,3,Básica,4,1
1231,C1231,55,11,60.98,1,Básica,5,0
1232,C1232,36,48,22.17,5,Premium,5,1
1233,C1233,62,49,17.08,5,Básica,3,1
1234,C1234,36,58,27.75,3,Básica,1,1
1235,C1235,54,70,12.47,0,Premium,2,1
1236,C1236,40,1,72.84,2,Estándar,3,1
1237,C1237,44,107,22.58,7,Básica,1,1
1238,C1238,48,108,96.64,6,Básica,2,1
1239,C1239,39,103,97.8,8,Básica,3,0
1240,C1240,30,56,34.68,4,Básica,3,1
1241,C1241,31,86,41.38,3,Básica,5,0
1242,C1242,63,67,93.65,0,Básica,3,1
1243,C1243,69,84,41.55,1,Básica,3,1
1244,C1244,61,99,23.48,9,Básica,3,1
1245,C1245,37,70,49.09,0,Básica,5,1
1246,C1246,25,80,35.55,10,Básica,1,1
1247,C1247,60,83,56.53,2,Estándar,2,1
1248,C1248,31,62,52.25,3,Básica,2,0
1249,C1249,19,58,64.04,2,Básica,5,1
1250,C1250,31,82,40.02,5,Estándar,3,1
1251,C1251,47,106,86.62,4,Estándar,5,1
1252,C1252,27,34,-10,3,Estándar,4,1
1253,C1253,19,44,78.55,1,Premium,2,1
1254,C1254,70,51,81.83,2,Básica,2,1
1255,C1255,59,59,99.27,5,Básica,1,0
1256,C1256,49,20,86.71,8,Premium,1,1
1257,C1257,20,18,97.96,5,Premium,1,0
1258,C1258,51,43,79.94,3,Básica,2,0
1259,C1259,45,19,88.69,0,Estándar,1,1
1260,C1260,45,61,15.95,3,Básica,4,1
1261,C1261,47,64,12,6,Premium,5,1
1262,C1262,27,20,34.96,7,Estándar,4,1
1263,C1263,42,113,95.01,1,Básica,3,1
1264,C1264,64,37,42.57,2,Premium,3,1
1265,C1265,36,38,64.09,6,Básica,3,1
1266,C1266,29,8,78.03,9,Básica,1,1
1267,C1267,35,109,81.59,0,Premium,1,1
1268,C1268,48,118,15.28,1,Estándar,2,1
1269,C1269,35,18,31.15,4,Básica,1,1
1270,C1270,60,6,32.4,10,Estándar,3,1
1271,C1271,NA,8,79.34,8,Premium,1,0
1272,C1272,25,100,77.23,0,Básica,3,1
1273,C1273,58,33,96.26,8,Básica,2,1
1274,C1274,25,16,84.72,5,Premium,4,1
1275,C1275,52,58,62.32,9,Premium,5,1
1276,C1276,25,77,65.3,0,Básica,2,1
1277,C1277,27,5,38.87,2,Básica,1,0
1278,C1278,27,29,95.86,10,Básica,5,1
1279,C1279,51,62,75.24,4,Básica,5,0
1280,C1280,28,76,10.71,8,Estándar,4,1
1281,C1281,70,23,70.05,7,Básica,5,1
1282,C1282,59,79,63.18,1,Premium,5,1
1283,C1283,65,26,53.27,10,Básica,3,0
1284,C1284,37,114,52.56,5,Básica,3,0
1285,C1285,19,18,12.25,9,Estándar,2,1
1286,C1286,48,29,24.24,10,Básica,1,0
1287,C1287,42,12,70.22,5,Básica,5,1
1288,C1288,27,26,35.9,2,Básica,4,1
1289,C1289,63,92,55.79,8,Básica,2,1
1290,C1290,68,18,63.55,3,Básica,3,1
1291,C1291,49,97,66.25,4,Estándar,3,1
1292,C1292,53,59,89.89,9,Básica,3,1
1293,C1293,65,115,74.28,4,Básica,5,0
1294,C1294,32,8,63.97,3,Básica,5,1
1295,C1295,40,40,61.73,9,Básica,2,0
1296,C1296,41,86,76.86,7,Básica,2,0
1297,C1297,42,62,79.14,1,Premium,2,1
1298,C1298,28,63,25.88,6,Premium,2,1
1299,C1299,36,106,59.81,5,Estándar,1,1
1300,C1300,59,84,39.54,6,Básica,2,1
1301,C1301,51,69,77.23,0,Estándar,2,1
1302,C1302,22,118,53.59,3,Estándar,5,1
1303,C1303,36,14,10.91,6,Estándar,2,1
1304,C1304,40,11,60.12,6,Estándar,2,1
1305,C1305,60,117,82.58,0,Básica,5,1
1306,C1306,67,6,73.15,1,Básica,1,1
1307,C1307,69,57,52.57,5,Básica,3,1
1308,C1308,60,85,48.38,9,Básica,1,0
1309,C1309,59,118,89.72,4,Básica,3,1
1310,C1310,NA,14,80.05,6,Estándar,3,1
1311,C1311,62,83,10.51,9,Estándar,2,1
1312,C1312,38,118,64.38,6,Básica,3,1
1313,C1313,59,46,98.75,5,Estándar,2,1
1314,C1314,34,53,17.88,5,Estándar,5,1
1315,C1315,52,54,56.04,4,Básica,4,1
1316,C1316,63,25,67.62,9,Estándar,3,0
1317,C1317,27,71,95.25,5,Básica,2,1
1318,C1318,45,96,13.94,2,Estándar,2,0
1319,C1319,51,62,70.78,0,Básica,3,0
1320,C1320,39,36,33.62,10,Básica,4,1
1321,C1321,22,20,81.97,2,Básica,5,1
1322,C1322,41,101,65.28,6,Premium,1,1
1323,C1323,29,50,88.85,0,Básica,5,1
1324,C1324,32,118,18.65,7,Básica,1,1
1325,C1325,43,37,25.79,2,Básica,5,1
1326,C1326,55,67,50.91,9,Estándar,4,0
1327,C1327,50,74,76.56,1,Básica,1,1
1328,C1328,45,81,51.67,2,Básica,4,0
1329,C1329,40,20,61.53,10,Premium,2,1
1330,C1330,62,74,50.61,1,Estándar,5,1
1331,C1331,58,61,28.01,10,Estándar,3,1
1332,C1332,31,87,26.97,4,Básica,1,1
1333,C1333,29,83,11.11,4,Básica,3,1
1334,C1334,35,117,75.32,0,Básica,3,1
1335,C1335,24,68,74.15,1,Premium,4,1
1336,C1336,33,7,78.7,1,Premium,3,1
1337,C1337,29,21,73.42,2,Básica,3,1
1338,C1338,61,42,41.32,8,Estándar,4,1
1339,C1339,23,59,63.51,1,Básica,5,1
1340,C1340,36,87,69.91,8,Básica,1,1
1341,C1341,67,94,37.04,6,Estándar,2,1
1342,C1342,19,104,28.11,7,Básica,1,1
1343,C1343,25,28,49.18,10,Estándar,5,1
1344,C1344,41,15,55.81,8,Estándar,1,1
1345,C1345,38,68,55.23,1,Básica,5,1
1346,C1346,50,87,79.88,3,Básica,1,1
1347,C1347,42,119,70.15,10,Premium,5,1
1348,C1348,64,109,63.73,8,Básica,5,1
1349,C1349,45,14,93.82,2,Básica,1,1
1350,C1350,67,56,60.06,7,Premium,4,1
1351,C1351,63,6,69.84,4,Básica,5,1
1352,C1352,42,15,91.9,8,Básica,2,1
1353,C1353,50,72,77.3,10,Premium,2,0
1354,C1354,23,95,30.42,7,Básica,5,0
1355,C1355,36,8,81.19,0,Básica,3,1
1356,C1356,53,30,80.32,8,Estándar,5,1
1357,C1357,38,69,41.12,1,Estándar,4,1
1358,C1358,18,12,63.12,2,Básica,2,0
1359,C1359,18,102,44.85,3,Básica,2,1
1360,C1360,18,63,30.77,8,Básica,1,1
1361,C1361,32,13,80.66,9,Básica,5,1
1362,C1362,43,30,52.47,4,Estándar,4,1
1363,C1363,44,9,74.43,2,Básica,3,1
1364,C1364,35,68,41.81,7,Básica,2,1
1365,C1365,38,4,38.78,2,Estándar,4,1
1366,C1366,47,106,77.18,1,Básica,1,1
1367,C1367,28,104,70.64,8,Premium,3,1
1368,C1368,50,55,69.34,6,Básica,4,1
1369,C1369,47,73,90.61,8,Básica,3,1
1370,C1370,27,82,13.01,3,Básica,5,1
1371,C1371,69,13,63.44,10,Básica,5,1
1372,C1372,58,87,95.53,4,Estándar,5,1
1373,C1373,54,79,59.8,0,Básica,3,0
1374,C1374,55,53,11.48,2,Estándar,4,1
1375,C1375,60,115,81.45,4,Básica,4,1
1376,C1376,54,28,77.86,6,Estándar,3,1
1377,C1377,36,13,90.32,3,Básica,5,1
1378,C1378,23,6,30.43,1,Premium,2,1
1379,C1379,25,52,38.71,9,Estándar,3,1
1380,C1380,33,19,87.17,3,Básica,1,1
1381,C1381,34,79,90.03,6,Estándar,4,1
1382,C1382,61,48,68.88,1,Básica,1,1
1383,C1383,59,28,80.85,3,Básica,2,1
1384,C1384,25,83,92.53,3,Estándar,4,1
1385,C1385,57,40,77.09,1,Premium,4,0
1386,C1386,70,120,48.64,2,Estándar,1,1
1387,C1387,56,32,90.71,6,Básica,5,1
1388,C1388,63,82,10.68,2,Básica,2,1
1389,C1389,64,62,54.79,1,Básica,5,0
1390,C1390,64,22,46.74,6,Premium,3,1
1391,C1391,28,60,35.03,6,Estándar,3,1
1392,C1392,59,77,58.8,2,Básica,2,1
1393,C1393,68,116,65.1,8,Premium,2,0
1394,C1394,67,117,89.95,4,Estándar,3,1
1395,C1395,32,44,51.69,0,Básica,4,1
1396,C1396,48,18,20.86,6,Estándar,2,1
1397,C1397,64,29,74.82,6,Básica,3,1
1398,C1398,36,58,45.54,7,Premium,3,1
1399,C1399,62,25,74.53,10,Básica,2,1
1400,C1400,69,114,39.22,10,Premium,2,1
1401,C1401,40,27,11.36,0,Estándar,5,1
1402,C1402,42,102,94.04,8,Premium,2,1
1403,C1403,20,71,22.32,0,Básica,4,1
1404,C1404,45,1,14.71,2,Estándar,2,1
1405,C1405,59,39,57.63,2,Básica,1,1
1406,C1406,33,50,86.97,4,Estándar,3,1
1407,C1407,38,87,10.41,4,Básica,4,1
1408,C1408,62,101,-10,2,Premium,2,1
1409,C1409,44,21,46.29,7,Estándar,1,0
1410,C1410,48,101,50.92,7,Básica,4,1
1411,C1411,67,110,15.5,6,Premium,3,1
1412,C1412,50,15,82.34,7,Básica,2,1
1413,C1413,26,63,74.54,0,Básica,2,1
1414,C1414,60,95,72.58,9,Básica,1,1
1415,C1415,54,34,73.46,7,Estándar,1,0
1416,C1416,63,104,31.37,3,Básica,4,1
1417,C1417,44,115,12.71,6,Básica,4,1
1418,C1418,52,54,31.92,10,Básica,3,1
1419,C1419,22,39,66.2,3,Estándar,2,1
1420,C1420,45,43,11.94,2,Básica,4,0
1421,C1421,28,104,34.56,10,Premium,5,1
1422,C1422,63,79,94.88,8,Estándar,5,1
1423,C1423,65,40,99.9,9,Básica,5,0
1424,C1424,54,105,91.24,9,Premium,4,1
1425,C1425,25,112,23.45,4,Básica,2,1
1426,C1426,55,49,90.82,0,Básica,3,0
1427,C1427,38,28,55.88,8,Estándar,3,1
1428,C1428,21,116,54.42,3,Básica,1,1
1429,C1429,22,61,65.85,0,Básica,5,1
1430,C1430,41,69,35.23,2,Estándar,2,1
1431,C1431,29,70,18.93,9,Básica,1,0
1432,C1432,67,17,14.42,9,Básica,5,1
1433,C1433,56,46,65.04,10,Básica,5,1
1434,C1434,45,16,35.46,5,Básica,3,1
1435,C1435,62,56,12.25,9,Estándar,4,1
1436,C1436,59,97,26.38,1,Básica,5,1
1437,C1437,65,120,67.91,9,Básica,2,1
1438,C1438,53,95,17.74,7,Premium,1,1
1439,C1439,19,85,95.78,4,Básica,5,1
1440,C1440,29,41,65.9,2,Básica,4,1
1441,C1441,62,117,83.25,9,Básica,4,1
1442,C1442,18,89,38.64,10,Básica,4,1
1443,C1443,64,103,82.07,3,Estándar,1,1
1444,C1444,69,5,70.51,10,Estándar,2,1
1445,C1445,29,114,21.21,8,Premium,4,1
1446,C1446,64,14,29.72,7,Estándar,4,1
1447,C1447,65,23,64.92,4,Estándar,4,1
1448,C1448,48,47,98.23,8,Básica,4,1
1449,C1449,66,97,10.35,10,Estándar,5,1
1450,C1450,NA,28,99.56,1,Básica,2,1
1451,C1451,18,54,54.91,2,Estándar,3,1
1452,C1452,66,100,93.99,4,Estándar,3,0
1453,C1453,27,93,40.6,5,Básica,2,1
1454,C1454,48,100,51.41,8,Estándar,1,1
1455,C1455,20,93,54.76,5,Estándar,3,1
1456,C1456,34,52,76.71,5,Básica,2,1
1457,C1457,21,43,38.13,8,Estándar,3,1
1458,C1458,42,56,17.21,0,Básica,5,0
1459,C1459,28,46,16.27,4,Estándar,3,1
1460,C1460,56,9,18.2,2,Básica,3,1
1461,C1461,27,100,59.09,2,Básica,4,1
1462,C1462,33,11,39.48,7,Básica,2,1
1463,C1463,24,59,55.91,2,Básica,1,1
1464,C1464,52,97,95.91,3,Premium,1,0
1465,C1465,48,54,54.47,8,Básica,5,1
1466,C1466,67,46,47.05,6,Premium,1,0
1467,C1467,38,59,51.44,6,Básica,1,1
1468,C1468,43,48,83.99,4,Básica,2,1
1469,C1469,46,7,61.28,5,Básica,3,0
1470,C1470,60,39,53.22,6,Básica,4,0
1471,C1471,54,41,22.43,4,Básica,1,1
1472,C1472,65,25,42.79,5,Premium,3,1
1473,C1473,30,69,16.25,4,Básica,2,1
1474,C1474,21,76,62.11,9,Básica,2,1
1475,C1475,68,85,36.4,9,Básica,4,1
1476,C1476,64,24,50.26,5,Básica,1,1
1477,C1477,25,35,50,10,Estándar,2,0
1478,C1478,52,66,93.44,4,Básica,1,1
1479,C1479,26,108,83.61,6,Estándar,4,0
1480,C1480,30,42,18.4,5,Estándar,2,1
1481,C1481,22,14,63.32,1,Premium,5,1
1482,C1482,29,114,58.91,5,Básica,4,1
1483,C1483,21,44,13.73,6,Básica,1,1
1484,C1484,42,14,54.09,9,Básica,2,1
1485,C1485,NA,6,41.28,1,Estándar,1,1
1486,C1486,20,83,50.16,8,Básica,2,1
1487,C1487,56,36,35.74,3,Premium,5,0
1488,C1488,55,79,33.48,4,Estándar,1,1
1489,C1489,34,47,83.58,1,Premium,2,1
1490,C1490,43,48,78.71,1,Estándar,3,0
1491,C1491,37,91,51.47,6,Premium,1,1
1492,C1492,59,58,16.29,3,Premium,4,0
1493,C1493,37,23,84.47,10,Básica,2,1
1494,C1494,29,68,79.71,10,Estándar,4,1
1495,C1495,37,74,76.14,7,Estándar,2,1
1496,C1496,45,87,11.28,9,Básica,5,1
1497,C1497,52,27,16.01,1,Estándar,4,0
1498,C1498,67,26,94.58,8,Estándar,3,1
1499,C1499,20,55,93.26,2,Premium,1,1
1500,C1500,64,113,78.28,5,Premium,3,1
1501,C1501,29,13,41.1,7,Estándar,5,0
1502,C1502,64,91,56.85,8,Básica,5,1
1503,C1503,NA,58,90.15,5,Básica,4,0
1504,C1504,48,2,10.68,9,Básica,4,1
1505,C1505,37,76,70.2,9,Estándar,5,1
1506,C1506,40,116,51.91,3,Básica,1,1
1507,C1507,55,96,75.47,6,Básica,2,1
1508,C1508,27,23,30.71,1,Premium,3,1
1509,C1509,43,62,69.47,6,Estándar,1,0
1510,C1510,48,3,89.07,3,Estándar,2,1
1511,C1511,55,41,21.3,7,Premium,2,1
1512,C1512,60,63,14.61,6,Estándar,5,0
1513,C1513,NA,5,78.17,9,Básica,5,1
1514,C1514,59,74,14.8,4,Básica,5,1
1515,C1515,52,93,80.29,1,Básica,2,1
1516,C1516,30,87,47,1,Premium,5,1
1517,C1517,22,86,23.79,3,Estándar,5,0
1518,C1518,59,96,53.02,7,Básica,4,1
1519,C1519,65,74,23.47,10,Estándar,2,1
1520,C1520,31,76,33.87,0,Básica,1,1
1521,C1521,44,103,88.99,7,Básica,2,1
1522,C1522,44,39,48.42,9,Básica,4,1
1523,C1523,50,96,81.19,7,Básica,1,1
1524,C1524,49,89,45.66,6,Básica,5,0
1525,C1525,NA,34,96.1,5,Estándar,5,1
1526,C1526,49,80,36.96,10,Básica,3,1
1527,C1527,60,65,63.3,10,Estándar,1,0
1528,C1528,31,63,32.48,6,Premium,2,1
1529,C1529,50,20,97.82,9,Estándar,3,0
1530,C1530,37,83,49.39,6,Básica,2,1
1531,C1531,20,41,28.55,4,Premium,4,1
1532,C1532,20,25,85.04,1,Básica,2,0
1533,C1533,66,10,94.78,2,Premium,2,1
1534,C1534,68,72,97.19,2,Premium,5,0
1535,C1535,68,15,45.29,10,Premium,1,0
1536,C1536,40,24,86.13,8,Estándar,2,1
1537,C1537,63,75,39.84,2,Básica,4,1
1538,C1538,NA,49,56.64,2,Estándar,3,1
1539,C1539,23,35,39.85,7,Estándar,2,1
1540,C1540,23,6,20.32,0,Básica,4,1
1541,C1541,31,116,23.41,5,Básica,3,1
1542,C1542,66,28,83.66,6,Estándar,3,0
1543,C1543,69,37,39.88,2,Estándar,1,1
1544,C1544,37,19,93.53,6,Premium,4,1
1545,C1545,25,64,41.53,0,Básica,5,1
1546,C1546,26,76,48.41,7,Estándar,3,1
1547,C1547,53,76,46.14,7,Estándar,4,1
1548,C1548,56,114,48.21,6,Básica,1,1
1549,C1549,53,31,36.56,3,Premium,2,1
1550,C1550,32,55,90.38,4,Premium,1,1
1551,C1551,24,36,69.55,6,Estándar,1,1
1552,C1552,46,2,61.63,7,Premium,4,1
1553,C1553,32,78,-10,6,Premium,4,1
1554,C1554,47,97,98.96,0,Básica,3,1
1555,C1555,33,105,20.14,6,Estándar,3,1
1556,C1556,62,50,53.15,5,Básica,5,1
1557,C1557,34,75,70.57,4,Estándar,5,1
1558,C1558,64,17,14.78,1,Estándar,5,1
1559,C1559,18,97,49.63,9,Básica,1,1
1560,C1560,36,75,86.95,2,Premium,3,1
1561,C1561,25,47,68.19,8,Estándar,5,1
1562,C1562,NA,29,67.72,5,Básica,4,1
1563,C1563,63,34,23.86,3,Básica,1,1
1564,C1564,28,44,45.57,6,Estándar,4,1
1565,C1565,27,32,13.68,10,Estándar,3,1
1566,C1566,64,14,19.41,7,Básica,4,1
1567,C1567,44,79,70.36,3,Estándar,2,1
1568,C1568,45,33,82.87,2,Básica,5,1
1569,C1569,67,35,31.46,10,Estándar,3,1
1570,C1570,NA,22,75.1,9,Básica,2,1
1571,C1571,43,50,77.14,4,Estándar,5,1
1572,C1572,25,101,64.63,1,Estándar,4,1
1573,C1573,47,37,12.85,6,Básica,4,0
1574,C1574,45,104,94.58,2,Básica,3,1
1575,C1575,33,106,76.88,10,Estándar,3,1
1576,C1576,49,106,22.93,9,Básica,1,1
1577,C1577,40,100,44.57,0,Básica,4,1
1578,C1578,54,2,62.37,6,Básica,2,1
1579,C1579,63,100,99.25,1,Premium,4,1
1580,C1580,24,2,46.15,2,Básica,1,1
1581,C1581,54,105,27.55,10,Básica,2,0
1582,C1582,29,34,72.72,3,Básica,2,0
1583,C1583,23,48,93.96,1,Premium,5,1
1584,C1584,47,87,70.39,10,Premium,5,1
1585,C1585,70,115,86.74,2,Estándar,1,0
1586,C1586,34,24,50.8,5,Premium,2,1
1587,C1587,70,103,34.58,10,Básica,5,1
1588,C1588,65,104,16.04,0,Básica,2,1
1589,C1589,40,37,48.96,5,Básica,3,1
1590,C1590,54,114,56.69,0,Estándar,5,1
1591,C1591,55,92,35.15,8,Básica,1,1
1592,C1592,45,79,93.75,2,Estándar,2,1
1593,C1593,54,33,59.04,7,Básica,4,1
1594,C1594,18,20,12.23,6,Básica,2,1
1595,C1595,39,44,60.67,6,Básica,4,1
1596,C1596,69,100,36.56,8,Estándar,1,1
1597,C1597,38,28,24.53,8,Básica,4,1
1598,C1598,35,56,72.32,6,Estándar,4,1
1599,C1599,70,8,72.97,9,Básica,1,1
1600,C1600,68,37,22.34,6,Estándar,2,1
1601,C1601,18,109,90.26,9,Básica,3,0
1602,C1602,55,11,23.72,2,Básica,4,0
1603,C1603,60,117,92.91,1,Premium,3,1
1604,C1604,29,60,24.02,9,Básica,1,1
1605,C1605,52,89,22.18,3,Estándar,1,1
1606,C1606,46,70,29.52,5,Básica,1,1
1607,C1607,64,107,52.58,6,Básica,2,0
1608,C1608,63,120,67.64,9,Estándar,3,1
1609,C1609,48,16,35.66,0,Premium,5,1
1610,C1610,18,103,97.95,6,Estándar,2,1
1611,C1611,41,38,57.45,8,Estándar,1,0
1612,C1612,66,90,73.92,4,Estándar,3,0
1613,C1613,20,1,59.38,0,Básica,4,1
1614,C1614,18,30,28.85,2,Básica,1,1
1615,C1615,62,58,28.21,4,Básica,3,1
1616,C1616,19,20,35.99,5,Básica,3,1
1617,C1617,30,68,52.95,9,Estándar,1,1
1618,C1618,60,16,22.49,2,Básica,2,0
1619,C1619,23,66,86.75,8,Estándar,3,1
1620,C1620,55,15,31.22,0,Básica,5,1
1621,C1621,39,72,49.15,8,Básica,2,0
1622,C1622,24,32,31.99,6,Estándar,1,1
1623,C1623,29,110,41.33,0,Básica,5,1
1624,C1624,46,120,92.91,9,Básica,1,1
1625,C1625,18,75,74.63,6,Básica,2,1
1626,C1626,68,23,76.53,0,Básica,4,0
1627,C1627,30,96,61.96,1,Estándar,3,0
1628,C1628,48,102,13.86,1,Estándar,3,1
1629,C1629,52,47,70.36,2,Estándar,5,1
1630,C1630,42,114,81.61,9,Básica,5,1
1631,C1631,57,92,78.35,8,Premium,4,1
1632,C1632,42,91,90.99,1,Premium,5,1
1633,C1633,32,120,44.04,10,Estándar,4,1
1634,C1634,54,114,46.77,8,Estándar,2,0
1635,C1635,28,72,42.72,0,Estándar,5,0
1636,C1636,62,43,92.16,5,Estándar,5,1
1637,C1637,64,46,22.57,7,Estándar,4,1
1638,C1638,63,28,67.02,10,Estándar,5,1
1639,C1639,41,4,24.25,7,Estándar,2,1
1640,C1640,36,99,76.57,7,Básica,5,1
1641,C1641,52,55,81.85,10,Básica,3,0
1642,C1642,50,92,43.66,0,Básica,3,1
1643,C1643,62,106,45.58,5,Estándar,4,1
1644,C1644,58,108,93.26,2,Estándar,3,1
1645,C1645,66,117,53.75,5,Estándar,5,1
1646,C1646,65,41,56.93,5,Básica,4,1
1647,C1647,42,33,39.88,7,Básica,5,1
1648,C1648,34,2,45.43,8,Estándar,2,1
1649,C1649,56,3,36.95,5,Básica,2,1
1650,C1650,29,47,71.17,10,Básica,1,0
1651,C1651,28,7,78.24,4,Básica,2,1
1652,C1652,61,37,51.03,1,Estándar,5,1
1653,C1653,60,53,44.13,9,Básica,1,1
1654,C1654,22,80,45.91,5,Básica,4,1
1655,C1655,30,104,26.75,7,Premium,1,1
1656,C1656,49,94,78.95,1,Estándar,5,0
1657,C1657,70,108,27.6,10,Básica,5,1
1658,C1658,38,93,47.83,3,Básica,3,0
1659,C1659,70,108,67.91,7,Básica,3,0
1660,C1660,54,77,40.26,10,Estándar,4,1
1661,C1661,36,80,14.07,2,Básica,2,1
1662,C1662,44,29,36.45,1,Básica,4,1
1663,C1663,44,26,65.38,1,Estándar,2,1
1664,C1664,59,44,17.4,1,Estándar,2,1
1665,C1665,64,38,16.95,4,Básica,1,1
1666,C1666,19,106,95.14,4,Básica,5,1
1667,C1667,62,88,38.66,9,Básica,5,1
1668,C1668,44,109,33.12,0,Básica,1,1
1669,C1669,29,91,18.8,7,Básica,4,1
1670,C1670,21,93,41.67,1,Básica,4,1
1671,C1671,45,106,96.89,7,Básica,4,1
1672,C1672,24,83,58.11,4,Básica,1,1
1673,C1673,48,96,77.03,1,Estándar,5,1
1674,C1674,45,99,33.23,8,Estándar,5,1
1675,C1675,62,28,64.76,0,Premium,1,1
1676,C1676,68,54,11.97,6,Básica,4,0
1677,C1677,30,109,83.27,3,Básica,4,1
1678,C1678,43,93,70.58,1,Premium,4,1
1679,C1679,65,112,91.36,2,Premium,3,1
1680,C1680,27,62,72.97,4,Estándar,2,1
1681,C1681,18,39,15.17,8,Premium,4,0
1682,C1682,65,82,46.25,10,Básica,5,1
1683,C1683,58,68,28.71,3,Básica,2,1
1684,C1684,20,78,36.37,3,Estándar,3,1
1685,C1685,18,104,79.98,8,Estándar,5,1
1686,C1686,61,100,28.97,2,Básica,5,1
1687,C1687,24,36,38.38,6,Básica,5,0
1688,C1688,64,118,97.72,5,Básica,1,1
1689,C1689,26,69,69.59,4,Premium,4,1
1690,C1690,19,32,44.49,9,Estándar,4,1
1691,C1691,31,53,70.01,2,Estándar,4,1
1692,C1692,38,108,53.73,7,Premium,4,1
1693,C1693,61,64,56.96,7,Premium,4,1
1694,C1694,46,111,58.84,2,Básica,4,1
1695,C1695,35,89,96.99,0,Básica,3,1
1696,C1696,29,57,46.79,3,Estándar,1,1
1697,C1697,NA,23,55.27,0,Básica,3,1
1698,C1698,45,82,99.24,4,Estándar,1,0
1699,C1699,60,4,50.51,3,Básica,2,1
1700,C1700,42,62,54.58,6,Premium,5,1
1701,C1701,58,25,75.69,2,Estándar,1,1
1702,C1702,52,108,22.43,10,Básica,4,1
1703,C1703,43,118,59.2,1,Estándar,4,1
1704,C1704,26,36,66.08,3,Estándar,5,1
1705,C1705,50,71,14.61,1,Básica,3,0
1706,C1706,31,7,87.71,3,Básica,2,1
1707,C1707,44,76,54.66,3,Premium,3,0
1708,C1708,68,37,23.87,8,Básica,3,0
1709,C1709,29,44,20.19,7,Premium,2,1
1710,C1710,31,36,95.74,3,Básica,5,1
1711,C1711,29,46,62.11,7,Básica,2,1
1712,C1712,49,78,64.76,3,Básica,3,1
1713,C1713,37,14,35.68,1,Básica,5,1
1714,C1714,65,44,48.51,10,Básica,4,1
1715,C1715,40,98,11.74,8,Básica,5,1
1716,C1716,39,6,82.64,8,Básica,5,1
1717,C1717,21,105,37.64,4,Premium,3,1
1718,C1718,30,54,17.23,7,Básica,3,1
1719,C1719,22,120,49.99,1,Premium,4,1
1720,C1720,53,60,93.78,6,Premium,5,1
1721,C1721,37,73,91.05,9,Básica,1,1
1722,C1722,50,96,34.93,7,Básica,1,1
1723,C1723,62,31,74.36,9,Premium,2,1
1724,C1724,47,100,26.93,7,Básica,2,1
1725,C1725,26,100,77.53,0,Estándar,1,1
1726,C1726,26,37,36.91,4,Estándar,5,0
1727,C1727,62,24,69.99,4,Básica,2,1
1728,C1728,30,115,56.11,8,Básica,5,1
1729,C1729,63,68,10.52,4,Estándar,5,1
1730,C1730,58,17,25.47,8,Básica,4,1
1731,C1731,51,105,64.51,6,Estándar,1,1
1732,C1732,48,60,10.56,9,Básica,3,1
1733,C1733,46,48,80.59,5,Premium,1,1
1734,C1734,44,92,60.21,9,Básica,1,0
1735,C1735,26,1,16.96,3,Básica,2,0
1736,C1736,45,101,82.43,10,Básica,5,1
1737,C1737,32,85,31.64,0,Estándar,2,1
1738,C1738,29,74,47.52,5,Premium,2,1
1739,C1739,35,58,18.34,10,Básica,5,1
1740,C1740,61,55,68.95,9,Básica,2,1
1741,C1741,32,55,-10,7,Básica,2,1
1742,C1742,33,69,79.9,7,Básica,5,0
1743,C1743,40,83,53.37,10,Estándar,1,1
1744,C1744,29,101,25.05,0,Estándar,4,1
1745,C1745,61,114,86.54,3,Estándar,5,1
1746,C1746,57,114,96.02,8,Básica,2,1
1747,C1747,67,27,48.67,7,Estándar,1,0
1748,C1748,28,115,28.66,3,Básica,5,1
1749,C1749,35,77,76.84,6,Premium,5,1
1750,C1750,30,48,56.81,6,Estándar,5,1
1751,C1751,32,85,38,7,Premium,4,1
1752,C1752,56,32,96.89,1,Premium,3,1
1753,C1753,21,104,64.72,7,Estándar,2,1
1754,C1754,70,19,63.32,9,Básica,2,1
1755,C1755,70,47,18.65,6,Estándar,3,1
1756,C1756,66,103,53.97,5,Premium,1,1
1757,C1757,21,30,18.51,2,Básica,3,0
1758,C1758,56,48,21.53,1,Premium,4,1
1759,C1759,40,12,37.69,0,Básica,1,1
1760,C1760,54,105,21.12,10,Básica,3,1
1761,C1761,67,31,67.58,6,Básica,5,0
1762,C1762,30,108,36.29,0,Premium,2,1
1763,C1763,45,50,87.79,4,Estándar,5,1
1764,C1764,61,32,39.91,0,Premium,4,0
1765,C1765,37,111,29.07,3,Premium,3,1
1766,C1766,31,58,95.66,6,Estándar,5,0
1767,C1767,48,69,35.46,8,Básica,4,1
1768,C1768,40,84,35.8,2,Premium,2,1
1769,C1769,23,74,36.6,8,Estándar,5,1
1770,C1770,51,67,21.34,7,Básica,5,1
1771,C1771,47,77,86.27,2,Premium,4,1
1772,C1772,47,57,78.48,2,Estándar,2,0
1773,C1773,24,18,76.94,6,Premium,3,0
1774,C1774,31,117,60.73,8,Estándar,3,1
1775,C1775,54,80,37.1,9,Estándar,2,1
1776,C1776,25,57,59.06,3,Básica,1,0
1777,C1777,48,108,44.83,3,Estándar,2,1
1778,C1778,67,98,93.93,0,Básica,3,1
1779,C1779,20,48,85.89,0,Estándar,3,1
1780,C1780,42,44,86.22,5,Estándar,5,1
1781,C1781,49,98,68.66,8,Básica,5,1
1782,C1782,29,28,89.19,10,Básica,2,1
1783,C1783,36,37,97.24,9,Básica,3,1
1784,C1784,42,38,46.31,0,Premium,3,1
1785,C1785,30,47,38.13,6,Estándar,5,1
1786,C1786,33,58,49.03,4,Premium,5,1
1787,C1787,22,118,46.16,3,Básica,5,1
1788,C1788,54,76,51.98,9,Estándar,3,0
1789,C1789,68,3,37.98,10,Básica,5,0
1790,C1790,25,94,28.38,7,Básica,5,1
1791,C1791,29,73,46.23,0,Básica,3,1
1792,C1792,19,76,20.54,1,Premium,1,1
1793,C1793,50,21,96.04,3,Básica,2,0
1794,C1794,36,27,68.77,6,Básica,4,1
1795,C1795,29,12,46.19,3,Básica,5,1
1796,C1796,32,90,48.54,7,Premium,4,1
1797,C1797,40,9,14.56,3,Básica,4,1
1798,C1798,18,73,55.08,6,Premium,1,1
1799,C1799,30,23,21.75,9,Básica,2,1
1800,C1800,47,58,89.34,6,Estándar,3,0
1801,C1801,NA,86,94.96,1,Estándar,2,1
1802,C1802,52,34,32.09,4,Estándar,3,1
1803,C1803,18,117,29.62,3,Básica,2,1
1804,C1804,23,12,97.77,3,Básica,5,1
1805,C1805,58,27,24.79,3,Básica,4,1
1806,C1806,68,66,39.63,1,Básica,2,0
1807,C1807,20,82,73.03,2,Básica,3,1
1808,C1808,50,55,80.43,0,Básica,5,1
1809,C1809,54,112,37.44,7,Premium,2,1
1810,C1810,29,14,21.55,5,Básica,2,1
1811,C1811,23,43,94.45,6,Básica,3,1
1812,C1812,23,119,64.68,0,Premium,2,0
1813,C1813,31,96,48.02,4,Estándar,5,1
1814,C1814,69,58,30.03,1,Estándar,2,1
1815,C1815,62,5,89.45,4,Básica,5,0
1816,C1816,68,98,30.73,2,Básica,1,0
1817,C1817,43,19,49.43,4,Estándar,4,1
1818,C1818,51,92,19.4,2,Básica,3,1
1819,C1819,66,69,19.53,9,Básica,1,1
1820,C1820,64,8,54.39,8,Básica,1,1
1821,C1821,20,35,70,9,Estándar,1,1
1822,C1822,52,92,79.89,6,Básica,4,0
1823,C1823,34,85,12.14,0,Básica,5,1
1824,C1824,53,113,48.86,8,Estándar,5,1
1825,C1825,18,54,42.99,8,Básica,1,1
1826,C1826,57,85,45.59,10,Básica,1,1
1827,C1827,35,25,10.65,8,Premium,3,1
1828,C1828,34,66,40.22,7,Estándar,5,1
1829,C1829,39,11,77.72,5,Básica,5,1
1830,C1830,70,26,77.92,6,Premium,5,1
1831,C1831,61,50,95.54,5,Básica,5,1
1832,C1832,19,12,86.79,6,Estándar,2,1
1833,C1833,43,23,53.68,6,Estándar,5,0
1834,C1834,67,1,11.27,0,Básica,4,1
1835,C1835,37,112,70.05,0,Básica,4,0
1836,C1836,24,26,37.67,0,Premium,4,1
1837,C1837,55,67,57.2,7,Estándar,4,0
1838,C1838,19,83,82.96,1,Premium,2,1
1839,C1839,52,61,93.55,2,Estándar,1,0
1840,C1840,28,75,94.53,2,Básica,2,1
1841,C1841,23,22,15.69,4,Estándar,3,1
1842,C1842,26,78,74.65,7,Básica,3,0
1843,C1843,20,92,10.63,8,Estándar,5,1
1844,C1844,69,6,50.32,4,Básica,5,1
1845,C1845,40,60,70.22,4,Básica,5,1
1846,C1846,49,97,75.55,9,Premium,4,1
1847,C1847,51,5,83.18,2,Básica,3,1
1848,C1848,27,24,62.75,5,Premium,1,1
1849,C1849,61,116,19.07,0,Básica,3,1
1850,C1850,69,14,73.06,2,Básica,4,1
1851,C1851,46,115,58.93,10,Básica,3,1
1852,C1852,61,72,71.02,6,Básica,4,1
1853,C1853,59,103,56.74,8,Básica,1,1
1854,C1854,69,76,94.03,1,Básica,1,0
1855,C1855,21,108,22.87,6,Básica,4,0
1856,C1856,66,72,67.42,1,Básica,3,1
1857,C1857,64,38,48.93,10,Estándar,3,1
1858,C1858,29,57,41.05,10,Estándar,4,0
1859,C1859,45,39,29.54,9,Básica,4,0
1860,C1860,37,45,86.23,10,Estándar,3,1
1861,C1861,40,10,46.26,1,Básica,3,1
1862,C1862,61,45,29.04,1,Básica,5,1
1863,C1863,46,82,58.61,9,Estándar,5,0
1864,C1864,44,3,44.46,0,Premium,4,1
1865,C1865,51,33,34.81,10,Premium,1,1
1866,C1866,38,22,10.74,6,Estándar,1,1
1867,C1867,55,5,66.89,3,Básica,3,1
1868,C1868,20,95,61.92,3,Estándar,4,1
1869,C1869,43,59,77.99,1,Básica,1,1
1870,C1870,29,77,76.22,9,Estándar,3,1
1871,C1871,36,45,72.86,2,Básica,2,1
1872,C1872,66,99,13.83,5,Estándar,1,0
1873,C1873,65,70,64.32,8,Estándar,2,1
1874,C1874,63,68,99.5,2,Básica,2,1
1875,C1875,27,27,91.9,0,Premium,5,1
1876,C1876,44,10,25.81,8,Premium,1,1
1877,C1877,47,80,16.42,3,Estándar,2,0
1878,C1878,57,50,18.84,9,Básica,1,1
1879,C1879,23,108,68.56,10,Básica,4,1
1880,C1880,64,73,43.39,3,Básica,2,1
1881,C1881,50,64,94.08,4,Básica,4,1
1882,C1882,49,88,65.59,0,Básica,4,1
1883,C1883,56,72,52.96,5,Básica,5,1
1884,C1884,62,71,39.69,3,Estándar,1,1
1885,C1885,47,115,38.61,1,Básica,2,1
1886,C1886,22,12,72.13,6,Básica,4,0
1887,C1887,66,82,46.79,4,Estándar,1,1
1888,C1888,46,17,26.79,4,Premium,1,1
1889,C1889,66,113,24.81,8,Básica,1,1
1890,C1890,68,60,79.1,10,Estándar,5,1
1891,C1891,46,36,15.79,10,Premium,4,1
1892,C1892,23,81,59.55,0,Básica,2,1
1893,C1893,23,1,21.59,0,Básica,4,0
1894,C1894,36,10,-10,6,Premium,2,1
1895,C1895,59,24,96.26,5,Premium,3,1
1896,C1896,64,63,68.31,4,Estándar,2,0
1897,C1897,43,1,93.46,7,Básica,5,1
1898,C1898,34,66,53.39,8,Básica,4,1
1899,C1899,29,86,59.89,10,Estándar,1,1
1900,C1900,19,75,59.87,10,Estándar,3,1
1901,C1901,39,3,10.52,7,Estándar,4,0
1902,C1902,51,49,73.8,9,Premium,4,1
1903,C1903,44,106,18.12,10,Premium,1,0
1904,C1904,51,116,28.86,2,Básica,1,1
1905,C1905,21,16,12.45,5,Básica,3,1
1906,C1906,57,56,24.13,4,Básica,3,1
1907,C1907,54,116,11.36,9,Básica,4,0
1908,C1908,33,42,82.41,6,Básica,4,1
1909,C1909,68,8,54.35,6,Básica,3,1
1910,C1910,19,32,58.03,1,Estándar,1,1
1911,C1911,54,11,19.94,4,Estándar,2,1
1912,C1912,36,87,16.23,1,Básica,2,1
1913,C1913,59,1,10.81,7,Básica,3,1
1914,C1914,45,53,25.05,9,Estándar,3,1
1915,C1915,22,62,62.93,3,Estándar,5,1
1916,C1916,30,116,58.71,8,Básica,4,1
1917,C1917,52,48,72.08,6,Estándar,1,1
1918,C1918,33,113,89.24,7,Estándar,2,1
1919,C1919,NA,47,26.79,7,Básica,3,1
1920,C1920,53,44,61.87,2,Estándar,5,1
1921,C1921,53,21,97.2,7,Premium,4,0
1922,C1922,53,40,54.74,2,Básica,5,1
1923,C1923,66,6,51.48,9,Premium,5,0
1924,C1924,18,82,38.97,9,Estándar,2,0
1925,C1925,45,69,41.1,10,Premium,4,1
1926,C1926,35,20,31.1,8,Estándar,5,1
1927,C1927,21,44,47.53,5,Estándar,5,0
1928,C1928,57,7,33.53,4,Estándar,5,0
1929,C1929,59,120,42.83,6,Estándar,5,0
1930,C1930,49,64,70.44,2,Premium,3,0
1931,C1931,27,78,55.21,2,Básica,5,1
1932,C1932,51,6,35.16,6,Premium,5,1
1933,C1933,38,52,13.22,0,Básica,5,1
1934,C1934,68,80,61.65,9,Premium,3,1
1935,C1935,20,26,56.89,0,Básica,5,1
1936,C1936,37,53,44.38,2,Premium,3,1
1937,C1937,37,62,58.19,5,Básica,2,0
1938,C1938,20,43,60.71,7,Básica,5,1
1939,C1939,68,61,96.45,2,Básica,1,1
1940,C1940,67,3,86.15,10,Estándar,4,1
1941,C1941,65,73,24.57,6,Básica,1,0
1942,C1942,62,12,80.89,4,Básica,5,0
1943,C1943,31,119,70.78,5,Estándar,5,1
1944,C1944,32,59,53.42,8,Básica,5,1
1945,C1945,27,35,54.57,8,Estándar,1,0
1946,C1946,22,68,24.45,9,Premium,3,1
1947,C1947,19,34,43.36,9,Premium,5,1
1948,C1948,63,67,74.59,5,Estándar,1,1
1949,C1949,24,2,70.65,10,Estándar,1,1
1950,C1950,33,110,59.86,3,Premium,3,1
1951,C1951,53,82,95.47,2,Estándar,5,1
1952,C1952,40,19,24.02,10,Estándar,4,1
1953,C1953,67,72,18.42,10,Básica,2,1
1954,C1954,58,89,85.81,2,Básica,2,1
1955,C1955,30,60,80.27,8,Premium,5,1
1956,C1956,50,45,82.86,3,Estándar,2,1
1957,C1957,35,17,-10,3,Estándar,3,1
1958,C1958,42,16,31.97,0,Básica,4,1
1959,C1959,29,33,18.69,5,Premium,3,1
1960,C1960,34,39,99.67,0,Básica,4,1
1961,C1961,53,113,41.31,4,Estándar,1,1
1962,C1962,29,59,10.08,6,Premium,4,1
1963,C1963,56,5,34.29,9,Básica,1,0
1964,C1964,19,61,76.68,7,Estándar,2,1
1965,C1965,61,120,30.14,0,Premium,5,1
1966,C1966,56,62,38.39,0,Estándar,5,1
1967,C1967,NA,58,73.07,7,Básica,4,0
1968,C1968,34,40,61.88,8,Estándar,1,1
1969,C1969,62,90,80.08,4,Básica,5,1
1970,C1970,46,97,23.23,5,Básica,5,1
1971,C1971,57,26,50.19,6,Básica,3,0
1972,C1972,66,103,46.26,10,Básica,5,0
1973,C1973,51,98,80.65,6,Básica,5,1
1974,C1974,22,6,34.27,0,Básica,5,1
1975,C1975,21,57,97.29,6,Estándar,2,1
1976,C1976,57,35,72.16,8,Estándar,3,1
1977,C1977,24,69,70.11,8,Estándar,3,1
1978,C1978,48,81,70.85,7,Básica,1,1
1979,C1979,25,27,-10,9,Estándar,3,1
1980,C1980,32,81,79.07,6,Básica,1,1
1981,C1981,60,14,68.03,1,Básica,5,1
1982,C1982,39,63,68.97,0,Premium,5,1
1983,C1983,69,21,52.04,10,Básica,4,1
1984,C1984,28,55,51.91,10,Premium,4,1
1985,C1985,70,76,60.58,8,Básica,4,0
1986,C1986,35,83,51.54,2,Básica,1,0
1987,C1987,61,105,40.85,2,Básica,1,1
1988,C1988,41,61,97.19,9,Estándar,4,1
1989,C1989,36,113,18.61,9,Estándar,2,1
1990,C1990,20,31,82.24,2,Premium,2,1
1991,C1991,61,22,20.75,8,Básica,1,1
1992,C1992,58,98,52.87,5,Premium,2,1
1993,C1993,56,37,13.69,10,Básica,5,1
1994,C1994,45,36,94,8,Estándar,3,1
1995,C1995,44,22,28.4,1,Premium,3,0
1996,C1996,44,51,70.66,6,Premium,2,1
1997,C1997,19,52,67.83,1,Estándar,3,1
1998,C1998,NA,82,51.43,9,Estándar,4,1
1999,C1999,44,34,51.57,9,Estándar,2,0
2000,C2000,23,72,23.83,2,Premium,2,1
2001,C2001,69,74,57.68,0,Premium,5,1
2002,C2002,44,16,67.2,7,Premium,1,1
2003,C2003,47,113,52.56,9,Estándar,5,1
2004,C2004,61,53,72.78,1,Básica,3,0
2005,C2005,22,18,-10,0,Premium,1,1
2006,C2006,48,92,33.5,7,Básica,3,1
2007,C2007,37,75,85.13,2,Premium,2,1
2008,C2008,66,113,24.32,10,Premium,5,1
2009,C2009,37,83,78.64,3,Estándar,2,1
2010,C2010,23,56,18.27,7,Estándar,5,1
2011,C2011,19,6,46.53,5,Básica,2,1
2012,C2012,43,57,27.21,10,Básica,3,1
2013,C2013,20,112,49.41,0,Estándar,2,1
2014,C2014,61,21,87.21,10,Estándar,2,0
2015,C2015,33,30,80.96,8,Premium,3,1
2016,C2016,60,60,71.21,6,Básica,5,0
2017,C2017,37,68,78.97,10,Básica,4,1
2018,C2018,26,61,25.92,6,Estándar,4,1
2019,C2019,42,23,10.08,6,Básica,4,1
2020,C2020,67,36,15.12,4,Básica,2,0
2021,C2021,49,29,91.14,4,Premium,3,1
2022,C2022,24,48,10.24,3,Estándar,3,1
2023,C2023,30,39,65.68,2,Estándar,2,0
2024,C2024,43,75,25.7,10,Premium,5,1
2025,C2025,42,110,33.7,7,Premium,5,1
2026,C2026,59,7,71.53,8,Estándar,2,1
2027,C2027,64,75,28.87,0,Estándar,4,1
2028,C2028,29,15,20.44,2,Estándar,2,0
2029,C2029,44,38,72.96,9,Estándar,4,1
2030,C2030,46,100,65.79,7,Básica,4,1
2031,C2031,58,15,97.34,10,Básica,3,0
2032,C2032,41,33,96.26,8,Básica,4,1
2033,C2033,63,90,86.67,6,Básica,5,1
2034,C2034,19,82,11.37,3,Estándar,2,1
2035,C2035,50,94,39.58,4,Básica,4,1
2036,C2036,31,58,-10,8,Estándar,5,0
2037,C2037,39,58,30.62,6,Básica,5,1
2038,C2038,62,34,24.82,2,Básica,1,0
2039,C2039,32,46,24.4,7,Básica,3,1
2040,C2040,52,43,84.78,5,Básica,3,1
2041,C2041,36,56,81.88,2,Básica,1,1
2042,C2042,62,120,55.18,5,Estándar,4,1
2043,C2043,46,27,35.19,8,Básica,3,1
2044,C2044,34,41,67.46,6,Básica,4,1
2045,C2045,42,85,67.99,8,Estándar,1,1
2046,C2046,55,2,61.29,6,Estándar,2,1
2047,C2047,55,95,64.68,6,Estándar,5,1
2048,C2048,57,38,63.21,6,Estándar,4,1
2049,C2049,45,4,16.54,10,Premium,2,1
2050,C2050,36,44,66.62,10,Básica,5,1
2051,C2051,29,6,63.86,8,Estándar,5,1
2052,C2052,26,118,24.89,1,Básica,5,1
2053,C2053,63,50,31.26,4,Premium,3,1
2054,C2054,44,65,91,7,Básica,5,1
2055,C2055,23,116,34.32,3,Básica,5,0
2056,C2056,63,54,94.32,7,Básica,5,1
2057,C2057,19,81,82.55,2,Básica,1,1
2058,C2058,68,115,49.6,2,Básica,4,1
2059,C2059,40,4,22.63,8,Premium,4,1
2060,C2060,49,41,48.52,0,Estándar,1,0
2061,C2061,58,43,96.66,0,Estándar,2,1
2062,C2062,57,45,12.95,7,Premium,2,1
2063,C2063,30,11,34.15,8,Básica,4,1
2064,C2064,28,85,60.9,8,Básica,1,0
2065,C2065,63,102,52.23,0,Estándar,2,1
2066,C2066,23,120,11.09,6,Básica,2,1
2067,C2067,18,5,58,1,Estándar,3,1
2068,C2068,36,51,47.75,5,Estándar,2,1
2069,C2069,38,72,52.21,0,Premium,3,1
2070,C2070,25,101,16.14,5,Estándar,3,1
2071,C2071,62,38,27.48,2,Estándar,4,1
2072,C2072,60,70,28.91,10,Básica,1,0
2073,C2073,48,100,74.05,5,Básica,4,0
2074,C2074,24,91,49.16,2,Básica,2,1
2075,C2075,29,16,97.84,5,Premium,5,1
2076,C2076,58,82,73.04,6,Estándar,2,1
2077,C2077,32,26,55.97,0,Básica,5,1
2078,C2078,26,93,92.76,2,Básica,4,1
2079,C2079,70,19,23.97,8,Estándar,5,1
2080,C2080,60,81,40.15,3,Básica,2,1
2081,C2081,48,93,55.01,1,Estándar,4,1
2082,C2082,48,47,47.42,3,Básica,3,1
2083,C2083,32,43,46.49,9,Premium,1,0
2084,C2084,60,60,46.79,9,Básica,1,0
2085,C2085,43,2,89.16,2,Básica,1,1
2086,C2086,38,12,38.02,7,Básica,2,1
2087,C2087,61,66,26.26,7,Premium,5,1
2088,C2088,31,4,44.13,5,Estándar,3,1
2089,C2089,70,10,44.97,9,Premium,5,0
2090,C2090,58,86,78.6,10,Estándar,3,1
2091,C2091,60,79,86.23,0,Básica,5,1
2092,C2092,18,28,96.45,7,Básica,3,1
2093,C2093,25,96,63.17,1,Premium,3,0
2094,C2094,28,61,94.75,0,Premium,1,1
2095,C2095,61,69,89.44,4,Premium,4,1
2096,C2096,60,13,50.9,9,Básica,4,0
2097,C2097,19,29,14.24,6,Estándar,5,1
2098,C2098,44,15,74.88,1,Estándar,1,0
2099,C2099,20,16,30.99,6,Estándar,3,1
2100,C2100,41,104,35.17,6,Estándar,1,0
2101,C2101,45,110,31.73,2,Básica,5,1
2102,C2102,32,60,15.92,1,Estándar,3,0
2103,C2103,52,22,50.92,4,Estándar,2,1
2104,C2104,58,87,72.82,2,Premium,5,0
2105,C2105,26,79,19.36,7,Estándar,1,1
2106,C2106,69,23,67.91,4,Básica,3,1
2107,C2107,51,38,35.78,10,Básica,4,1
2108,C2108,23,34,95.04,0,Premium,5,1
2109,C2109,42,97,12.84,9,Premium,3,1
2110,C2110,44,44,48.8,0,Básica,1,1
2111,C2111,22,91,75.93,1,Básica,1,1
2112,C2112,44,69,13.89,6,Estándar,3,1
2113,C2113,66,97,40.32,2,Básica,2,1
2114,C2114,48,51,65.09,10,Básica,1,0
2115,C2115,40,103,63.33,6,Básica,4,1
2116,C2116,37,6,15.83,7,Básica,3,1
2117,C2117,26,28,50.95,3,Básica,4,1
2118,C2118,28,3,21.88,1,Básica,3,1
2119,C2119,46,70,75.21,0,Básica,4,1
2120,C2120,20,88,38.98,8,Básica,5,1
2121,C2121,49,116,69.41,8,Estándar,1,1
2122,C2122,70,110,39.36,2,Básica,4,1
2123,C2123,26,37,13.11,2,Estándar,3,0
2124,C2124,58,28,17.58,10,Básica,1,1
2125,C2125,28,43,19.03,9,Básica,2,1
2126,C2126,51,98,86.75,10,Básica,3,1
2127,C2127,45,97,25.89,8,Básica,3,0
2128,C2128,40,91,65.8,9,Básica,1,1
2129,C2129,25,41,12.95,7,Básica,1,1
2130,C2130,69,17,26.12,9,Estándar,5,1
2131,C2131,20,80,11.48,0,Premium,5,1
2132,C2132,34,104,27.91,5,Básica,1,1
2133,C2133,32,32,85.42,2,Estándar,2,1
2134,C2134,65,72,19.89,3,Básica,4,1
2135,C2135,18,92,51.51,7,Básica,1,1
2136,C2136,52,65,67.37,2,Estándar,5,1
2137,C2137,62,89,49.81,2,Premium,3,0
2138,C2138,47,13,82.97,4,Básica,4,1
2139,C2139,29,28,44.27,8,Premium,4,1
2140,C2140,64,63,39.24,9,Básica,1,0
2141,C2141,70,46,23.05,5,Estándar,2,1
2142,C2142,55,119,86.11,2,Premium,1,0
2143,C2143,34,69,72.99,9,Premium,1,1
2144,C2144,44,8,43.73,7,Premium,2,1
2145,C2145,65,23,65.79,3,Básica,2,0
2146,C2146,20,40,64.17,4,Básica,3,1
2147,C2147,49,25,52.25,4,Premium,2,1
2148,C2148,56,11,88.11,8,Estándar,4,1
2149,C2149,70,1,69.18,8,Básica,2,1
2150,C2150,19,28,29.8,5,Básica,2,1
2151,C2151,24,58,87.69,3,Estándar,3,1
2152,C2152,31,99,59.03,8,Estándar,2,1
2153,C2153,NA,62,15.88,4,Estándar,3,0
2154,C2154,62,86,73.22,7,Básica,4,1
2155,C2155,25,44,78.17,2,Básica,5,1
2156,C2156,35,107,40.26,9,Básica,2,1
2157,C2157,24,79,85.25,0,Premium,4,1
2158,C2158,29,35,60.32,0,Premium,3,1
2159,C2159,37,94,49.49,5,Básica,2,1
2160,C2160,27,105,68.96,9,Premium,3,1
2161,C2161,36,110,46.47,0,Estándar,5,1
2162,C2162,49,33,89.39,2,Estándar,2,1
2163,C2163,69,34,73.13,8,Estándar,3,1
2164,C2164,30,22,83.89,8,Básica,1,1
2165,C2165,64,1,18.37,9,Estándar,2,0
2166,C2166,48,104,41.19,10,Básica,2,0
2167,C2167,35,43,64.01,7,Básica,3,0
2168,C2168,45,2,75.59,0,Básica,5,1
2169,C2169,64,111,58.84,8,Estándar,4,0
2170,C2170,31,63,94.58,3,Estándar,3,1
2171,C2171,64,82,69.69,4,Estándar,2,1
2172,C2172,59,119,33.82,1,Estándar,2,1
2173,C2173,59,6,55.53,10,Estándar,4,0
2174,C2174,37,15,92.99,10,Básica,4,1
2175,C2175,46,37,55.32,0,Básica,2,1
2176,C2176,41,23,17.67,10,Premium,5,1
2177,C2177,38,92,43.55,7,Estándar,4,1
2178,C2178,55,1,26.64,0,Premium,3,1
2179,C2179,55,74,74.02,9,Básica,5,1
2180,C2180,58,27,59.91,7,Básica,3,1
2181,C2181,23,105,28.83,2,Estándar,3,1
2182,C2182,24,119,13.97,1,Básica,4,1
2183,C2183,21,65,83.08,10,Estándar,2,1
2184,C2184,43,4,66.31,4,Básica,3,1
2185,C2185,70,34,23.38,3,Básica,5,1
2186,C2186,50,35,11.49,7,Básica,1,0
2187,C2187,43,18,64.41,6,Básica,5,1
2188,C2188,20,92,30.6,4,Básica,5,1
2189,C2189,59,113,58.05,7,Básica,2,1
2190,C2190,49,41,25.35,9,Estándar,1,1
2191,C2191,46,46,99.42,0,Básica,4,0
2192,C2192,49,15,84.24,6,Premium,2,0
2193,C2193,51,78,55.03,10,Básica,4,0
2194,C2194,42,4,22.22,5,Estándar,5,1
2195,C2195,21,47,18.7,3,Estándar,5,1
2196,C2196,70,46,91.24,3,Premium,5,1
2197,C2197,57,11,33.69,1,Básica,3,0
2198,C2198,19,46,28.76,1,Básica,3,1
2199,C2199,NA,50,30.02,1,Estándar,3,1
2200,C2200,29,88,43.08,0,Básica,3,1
2201,C2201,47,66,81.59,5,Básica,4,1
2202,C2202,65,57,28.32,4,Estándar,3,0
2203,C2203,61,92,17.88,9,Premium,1,1
2204,C2204,64,15,87.33,9,Básica,4,1
2205,C2205,27,46,34.57,0,Básica,1,0
2206,C2206,45,49,18.29,9,Estándar,5,1
2207,C2207,68,95,85.29,1,Premium,5,1
2208,C2208,41,60,79.33,8,Básica,3,1
2209,C2209,28,32,40,9,Premium,4,0
2210,C2210,24,4,85.21,7,Básica,1,1
2211,C2211,52,18,63.5,0,Básica,5,1
2212,C2212,39,104,41.78,3,Básica,2,0
2213,C2213,25,36,69.22,2,Básica,1,1
2214,C2214,NA,23,18.7,4,Básica,5,0
2215,C2215,24,40,54.36,4,Estándar,1,1
2216,C2216,59,79,78.93,3,Básica,3,1
2217,C2217,36,17,70.98,9,Básica,2,1
2218,C2218,68,22,24.93,6,Premium,2,1
2219,C2219,52,26,44.2,5,Básica,5,1
2220,C2220,40,63,-10,7,Estándar,5,0
2221,C2221,18,9,86.95,0,Estándar,3,1
2222,C2222,69,103,32.17,10,Estándar,5,1
2223,C2223,35,114,96.06,8,Premium,4,1
2224,C2224,52,69,25.76,0,Básica,2,1
2225,C2225,51,81,20.11,0,Básica,2,1
2226,C2226,33,38,95.62,1,Estándar,2,1
2227,C2227,49,118,95.81,10,Premium,3,1
2228,C2228,24,106,75.74,7,Estándar,2,1
2229,C2229,18,105,14.93,4,Básica,4,1
2230,C2230,52,89,66.93,7,Básica,2,1
2231,C2231,44,56,70.06,4,Estándar,4,1
2232,C2232,21,80,35.41,2,Premium,3,1
2233,C2233,69,59,98.52,9,Básica,3,1
2234,C2234,46,100,86.8,9,Estándar,3,1
2235,C2235,46,70,46.13,4,Básica,4,1
2236,C2236,54,8,23.92,3,Premium,2,1
2237,C2237,21,93,45.56,7,Básica,1,1
2238,C2238,23,77,47.51,5,Básica,4,0
2239,C2239,31,103,87.63,8,Básica,3,1
2240,C2240,31,74,87.85,7,Premium,1,0
2241,C2241,24,44,19.77,0,Estándar,3,1
2242,C2242,51,109,25.77,8,Básica,2,1
2243,C2243,41,98,35.65,0,Estándar,1,1
2244,C2244,47,1,56.34,2,Básica,4,0
2245,C2245,65,23,46.83,0,Premium,5,1
2246,C2246,53,90,29.88,6,Básica,4,1
2247,C2247,66,42,64.29,9,Premium,4,0
2248,C2248,31,107,41.43,2,Básica,3,1
2249,C2249,30,109,14.11,4,Estándar,5,0
2250,C2250,44,111,53.07,4,Básica,1,1
2251,C2251,68,7,42.11,8,Básica,2,1
2252,C2252,22,95,48.27,0,Básica,4,1
2253,C2253,24,80,80.67,5,Premium,2,1
2254,C2254,60,82,84.96,10,Premium,5,1
2255,C2255,58,79,60.72,2,Premium,5,1
2256,C2256,44,21,76.09,8,Estándar,1,1
2257,C2257,38,33,43.46,8,Estándar,2,1
2258,C2258,28,85,81.4,8,Estándar,4,1
2259,C2259,61,11,61.51,5,Básica,5,0
2260,C2260,39,103,82.12,10,Estándar,1,1
2261,C2261,21,71,25.27,6,Básica,1,1
2262,C2262,19,76,91.77,0,Estándar,3,0
2263,C2263,37,4,49.53,5,Premium,4,0
2264,C2264,65,87,63.08,9,Estándar,5,1
2265,C2265,66,33,19.31,3,Básica,4,1
2266,C2266,35,88,76.9,5,Básica,1,1
2267,C2267,41,27,94.08,6,Estándar,4,1
2268,C2268,51,67,43,10,Premium,4,1
2269,C2269,52,2,66.47,9,Estándar,1,1
2270,C2270,38,23,50.85,5,Básica,1,1
2271,C2271,44,39,62.2,5,Premium,4,1
2272,C2272,58,64,73.36,7,Premium,1,1
2273,C2273,63,29,-10,2,Estándar,5,1
2274,C2274,63,24,43.1,4,Básica,5,0
2275,C2275,19,79,20.13,8,Estándar,3,1
2276,C2276,46,37,41.86,3,Básica,4,1
2277,C2277,69,92,56.44,5,Premium,3,1
2278,C2278,50,97,-10,4,Básica,5,1
2279,C2279,40,107,39.95,8,Premium,3,1
2280,C2280,29,54,94.39,9,Básica,3,1
2281,C2281,62,52,79.94,0,Estándar,1,1
2282,C2282,43,26,17.38,4,Básica,5,1
2283,C2283,45,48,86.56,8,Básica,2,1
2284,C2284,54,104,38.67,0,Estándar,5,1
2285,C2285,45,32,21.94,4,Estándar,5,1
2286,C2286,50,111,68.38,0,Estándar,4,1
2287,C2287,25,87,48.02,3,Estándar,1,1
2288,C2288,25,7,66.27,0,Estándar,1,1
2289,C2289,49,46,97.05,2,Básica,1,1
2290,C2290,47,27,17.07,6,Premium,5,1
2291,C2291,40,18,77.73,4,Básica,2,0
2292,C2292,60,115,30.68,6,Estándar,5,1
2293,C2293,20,115,85.32,4,Básica,1,1
2294,C2294,31,80,21.79,6,Básica,2,1
2295,C2295,38,81,28.77,1,Básica,3,0
2296,C2296,18,7,53.36,1,Estándar,1,1
2297,C2297,46,101,85.58,8,Estándar,3,1
2298,C2298,40,71,91.5,4,Premium,4,1
2299,C2299,58,20,14.25,0,Estándar,1,0
2300,C2300,46,92,54.94,2,Básica,1,1
2301,C2301,56,84,44.2,1,Premium,3,1
2302,C2302,50,36,47.44,0,Básica,1,1
2303,C2303,47,103,34.66,3,Básica,5,0
2304,C2304,40,107,98.91,10,Premium,3,1
2305,C2305,52,69,93.23,5,Básica,3,1
2306,C2306,18,111,34.5,9,Básica,4,1
2307,C2307,31,74,42.8,0,Premium,5,1
2308,C2308,18,25,59.08,10,Básica,3,1
2309,C2309,23,70,41.54,0,Estándar,4,1
2310,C2310,29,52,-10,8,Básica,3,0
2311,C2311,62,86,31.06,9,Básica,5,0
2312,C2312,46,81,26.39,1,Básica,1,0
2313,C2313,45,109,58.58,6,Estándar,3,1
2314,C2314,54,114,75.49,10,Estándar,3,1
2315,C2315,53,75,72.56,8,Básica,2,1
2316,C2316,29,49,37.05,5,Estándar,3,1
2317,C2317,53,109,15.3,7,Básica,2,0
2318,C2318,40,58,-10,9,Premium,4,1
2319,C2319,62,2,50.63,10,Básica,1,1
2320,C2320,28,92,40.75,3,Básica,5,1
2321,C2321,63,118,94.21,3,Básica,4,0
2322,C2322,49,9,49.93,3,Estándar,1,0
2323,C2323,39,97,39.55,4,Premium,2,0
2324,C2324,67,72,28.71,10,Básica,3,1
2325,C2325,27,42,27.27,9,Premium,1,1
2326,C2326,49,11,43.51,2,Estándar,5,1
2327,C2327,51,6,75.36,3,Básica,3,0
2328,C2328,38,33,68.26,10,Básica,5,0
2329,C2329,25,113,75.44,3,Básica,1,1
2330,C2330,56,48,12.07,2,Básica,1,1
2331,C2331,66,24,16.99,0,Estándar,4,1
2332,C2332,41,68,24.29,2,Estándar,4,1
2333,C2333,63,5,96.2,5,Premium,2,1
2334,C2334,52,100,65.06,5,Estándar,4,1
2335,C2335,NA,73,61.84,5,Básica,2,1
2336,C2336,40,64,22.19,6,Básica,4,1
2337,C2337,52,97,96.12,4,Premium,1,1
2338,C2338,48,58,85.36,9,Básica,4,1
2339,C2339,52,17,22.83,5,Básica,5,1
2340,C2340,35,10,23.92,7,Básica,3,1
2341,C2341,22,9,59.17,3,Premium,1,1
2342,C2342,39,81,27.44,0,Estándar,2,1
2343,C2343,68,1,47.04,10,Básica,4,0
2344,C2344,35,1,46.92,7,Estándar,1,1
2345,C2345,59,27,97.65,9,Estándar,4,1
2346,C2346,33,89,45.34,1,Básica,5,0
2347,C2347,66,90,29.67,1,Básica,2,1
2348,C2348,31,81,45.98,8,Básica,4,0
2349,C2349,70,83,80.69,1,Básica,1,1
2350,C2350,69,56,69.51,9,Básica,3,0
2351,C2351,51,47,22.12,1,Estándar,2,1
2352,C2352,52,25,74.48,6,Básica,2,1
2353,C2353,45,69,65.88,2,Básica,4,0
2354,C2354,39,26,13.11,10,Básica,2,1
2355,C2355,43,48,89.43,9,Estándar,5,1
2356,C2356,42,79,84.68,1,Básica,1,0
2357,C2357,32,21,98.47,1,Premium,1,1
2358,C2358,31,2,91.95,8,Premium,2,0
2359,C2359,27,54,29.96,8,Básica,5,1
2360,C2360,43,76,30.28,8,Estándar,3,0
2361,C2361,20,2,45.59,1,Estándar,4,1
2362,C2362,36,39,12.66,7,Básica,5,1
2363,C2363,55,11,78.9,9,Estándar,5,1
2364,C2364,57,119,14.55,1,Estándar,5,0
2365,C2365,50,92,11.49,7,Básica,5,1
2366,C2366,48,96,12.51,8,Básica,1,1
2367,C2367,53,69,16.44,2,Básica,2,1
2368,C2368,50,51,65.91,3,Estándar,3,1
2369,C2369,62,21,58.98,9,Premium,1,1
2370,C2370,51,109,76.33,6,Premium,4,1
2371,C2371,56,49,31.77,3,Básica,5,1
2372,C2372,64,110,93.68,3,Estándar,5,1
2373,C2373,69,52,80.1,7,Premium,1,1
2374,C2374,54,68,66.42,10,Estándar,2,1
2375,C2375,40,12,82.31,8,Premium,5,1
2376,C2376,54,102,83.99,0,Estándar,4,0
2377,C2377,37,47,99.96,7,Estándar,1,1
2378,C2378,18,79,35.99,3,Premium,1,1
2379,C2379,29,10,25.33,9,Básica,4,1
2380,C2380,31,10,24.43,5,Premium,2,1
2381,C2381,48,79,24.88,9,Premium,4,1
2382,C2382,62,40,64.49,7,Premium,3,1
2383,C2383,21,1,39.28,4,Básica,2,1
2384,C2384,24,10,66.88,9,Básica,2,1
2385,C2385,37,96,40.05,5,Básica,2,1
2386,C2386,62,49,11.72,3,Básica,3,1
2387,C2387,NA,2,85.18,6,Estándar,3,1
2388,C2388,NA,12,84.33,7,Estándar,2,0
2389,C2389,32,19,20.82,5,Básica,1,1
2390,C2390,25,44,34.29,4,Básica,3,1
2391,C2391,51,16,46.85,0,Estándar,1,1
2392,C2392,54,26,50.98,1,Estándar,5,1
2393,C2393,32,118,71.4,1,Básica,1,1
2394,C2394,36,62,23.98,3,Básica,5,1
2395,C2395,63,85,88.13,7,Estándar,1,1
2396,C2396,67,64,76.4,1,Estándar,5,0
2397,C2397,62,96,36.82,7,Estándar,1,1
2398,C2398,35,89,41.99,5,Básica,4,1
2399,C2399,22,8,40.93,7,Básica,4,1
2400,C2400,49,105,16.98,4,Básica,2,1
2401,C2401,63,98,89.88,6,Básica,5,1
2402,C2402,59,15,65.24,7,Estándar,1,1
2403,C2403,45,18,22.18,5,Básica,2,1
2404,C2404,25,85,14.47,1,Premium,3,1
2405,C2405,50,27,12.44,2,Básica,3,1
2406,C2406,68,2,48.21,7,Básica,2,1
2407,C2407,42,54,66.7,8,Básica,5,1
2408,C2408,38,113,55.7,9,Estándar,2,0
2409,C2409,47,2,18.62,8,Básica,4,1
2410,C2410,64,97,99.69,2,Premium,5,1
2411,C2411,28,107,44.95,2,Básica,3,0
2412,C2412,23,67,72.58,0,Básica,3,1
2413,C2413,31,89,24.05,6,Premium,4,0
2414,C2414,69,120,19.13,0,Básica,3,0
2415,C2415,27,13,46.3,1,Estándar,3,1
2416,C2416,69,90,68.2,1,Básica,3,1
2417,C2417,67,47,29.41,5,Básica,5,0
2418,C2418,26,116,51.46,5,Estándar,4,1
2419,C2419,22,70,88.93,8,Básica,1,0
2420,C2420,35,26,62.85,4,Básica,3,1
2421,C2421,52,2,36.32,6,Básica,2,0
2422,C2422,50,30,14.77,4,Básica,2,1
2423,C2423,18,31,97.39,0,Básica,2,1
2424,C2424,58,100,95.82,4,Estándar,1,1
2425,C2425,43,98,91.39,5,Básica,2,1
2426,C2426,69,18,74.05,6,Básica,1,0
2427,C2427,45,116,27.96,3,Básica,4,1
2428,C2428,56,37,41.8,5,Premium,5,1
2429,C2429,60,35,10.63,6,Estándar,3,1
2430,C2430,22,58,11.92,2,Básica,2,1
2431,C2431,70,60,25.94,2,Estándar,4,0
2432,C2432,29,57,68.92,4,Estándar,3,1
2433,C2433,67,112,62.89,4,Básica,5,1
2434,C2434,69,54,17.31,7,Estándar,2,1
2435,C2435,34,65,68.56,3,Estándar,4,1
2436,C2436,67,1,20.67,8,Estándar,2,1
2437,C2437,18,28,83.38,9,Básica,2,1
2438,C2438,20,30,-10,1,Premium,2,1
2439,C2439,25,8,46.35,9,Estándar,5,1
2440,C2440,61,85,79.19,10,Estándar,4,1
2441,C2441,27,57,84.71,6,Básica,1,1
2442,C2442,42,27,41.73,1,Básica,1,0
2443,C2443,29,46,44.36,5,Estándar,3,0
2444,C2444,39,57,14.52,1,Estándar,4,0
2445,C2445,69,66,69.37,6,Básica,4,1
2446,C2446,64,18,10.84,7,Premium,2,1
2447,C2447,35,100,60.27,5,Básica,2,1
2448,C2448,56,57,17.27,1,Básica,3,0
2449,C2449,56,4,89.02,9,Básica,3,1
2450,C2450,51,71,31.87,9,Básica,1,1
2451,C2451,61,38,53.66,0,Estándar,2,0
2452,C2452,68,93,24.86,7,Estándar,3,1
2453,C2453,36,110,28.65,0,Premium,1,0
2454,C2454,61,79,66.34,10,Premium,3,1
2455,C2455,39,38,99.84,8,Básica,2,1
2456,C2456,63,89,28.58,0,Básica,3,1
2457,C2457,32,80,19.47,6,Estándar,2,0
2458,C2458,47,92,71.36,5,Básica,2,1
2459,C2459,29,101,62.74,1,Estándar,1,1
2460,C2460,29,119,89.56,2,Básica,1,1
2461,C2461,26,102,28.1,7,Básica,4,0
2462,C2462,51,7,39.51,9,Básica,1,0
2463,C2463,38,116,72.97,10,Básica,3,1
2464,C2464,42,83,17.92,1,Premium,1,1
2465,C2465,43,85,81.08,5,Estándar,4,1
2466,C2466,57,81,20.62,7,Básica,4,0
2467,C2467,66,103,86.96,5,Premium,5,1
2468,C2468,18,91,79.89,0,Premium,2,1
2469,C2469,32,11,12.4,6,Básica,1,1
2470,C2470,42,112,15.37,2,Básica,5,1
2471,C2471,23,50,86.96,6,Premium,5,1
2472,C2472,22,25,95.09,5,Básica,1,1
2473,C2473,54,102,98.83,7,Básica,5,1
2474,C2474,30,72,64.9,4,Básica,5,1
2475,C2475,40,112,45.04,0,Básica,5,1
2476,C2476,22,112,84.79,4,Premium,4,1
2477,C2477,63,23,21.64,3,Premium,4,1
2478,C2478,49,116,30.73,0,Básica,2,1
2479,C2479,43,114,19.45,8,Básica,3,0
2480,C2480,32,83,33.47,5,Básica,1,0
2481,C2481,43,55,19.79,6,Básica,1,0
2482,C2482,22,83,70.51,2,Estándar,4,1
2483,C2483,42,21,77.55,5,Básica,5,1
2484,C2484,46,45,48.25,3,Básica,1,1
2485,C2485,58,61,66.45,2,Estándar,3,0
2486,C2486,68,27,74.96,9,Premium,4,0
2487,C2487,67,39,10.45,1,Básica,1,1
2488,C2488,37,113,48.29,2,Estándar,3,1
2489,C2489,56,77,92.83,3,Premium,2,1
2490,C2490,28,84,48.46,9,Estándar,1,0
2491,C2491,41,10,77.48,10,Estándar,2,1
2492,C2492,68,28,96.47,9,Estándar,2,1
2493,C2493,29,30,27.41,10,Premium,2,0
2494,C2494,50,40,71.97,9,Estándar,3,1
2495,C2495,58,40,93.14,10,Básica,4,1
2496,C2496,70,37,10.9,9,Premium,1,0
2497,C2497,66,109,63.14,10,Estándar,4,0
2498,C2498,36,90,78.7,5,Estándar,2,1
2499,C2499,67,114,14.97,6,Estándar,5,0
2500,C2500,53,90,32.28,8,Básica,5,1
